,Date,Open,High,Low,Close,Adj Close,Volume
0,20180130,114.974159,116.363655,113.067001,115.137627,113.471878,7873404
1,20180131,114.402016,119.197144,113.966095,116.172943,114.492218,14190496
2,20180201,116.063957,118.270813,110.996384,116.608864,114.921837,9002862
3,20180202,116.063957,116.063957,106.310226,107.454521,105.899933,12747646
4,20180205,100.861214,109.525146,100.098358,108.68055,107.108215,11825552
5,20180206,100.806725,107.99942,99.553452,106.419212,104.879593,10865044
6,20180207,108.735039,110.478722,106.310226,107.209312,105.658272,7308821
7,20180208,108.026665,112.33139,107.291054,111.432304,109.82016,8147287
8,20180209,108.980247,115.437325,107.69973,114.483749,112.827461,11122413
9,20180212,115.083138,119.496841,115.083138,118.379791,116.66713,13340428
10,20180214,119.060921,121.785423,118.107338,119.578575,117.848579,12691224
11,20180215,120.477661,121.322258,114.78344,117.01754,115.324593,9129656
12,20180216,117.589684,119.033676,111.595772,113.230476,111.592316,10018309
13,20180219,111.70475,113.039757,109.252693,110.560455,108.96093,8936687
14,20180220,110.070045,110.914642,106.255737,107.890442,106.329536,11610335
15,20180221,108.598816,109.252693,106.419212,107.563499,106.007324,7621480
16,20180222,106.800636,111.40506,105.60186,110.778419,109.175735,16437924
17,20180223,111.432304,112.113426,109.7976,111.350563,109.739601,9189024
18,20180226,111.70475,113.257721,110.887398,112.031693,110.410881,5353014
19,20180227,112.249657,114.347519,109.634125,112.8218,111.189552,10994042
20,20180228,111.677505,113.31221,110.342499,110.914642,109.30999,7114891
21,20180301,110.914642,112.631081,107.99942,108.517082,106.947113,6606714
22,20180305,108.435341,110.451477,107.209312,109.470657,107.886902,7142031
23,20180306,110.342499,110.805664,98.136711,101.460609,99.992729,14797586
24,20180307,99.662437,101.051933,92.197289,93.831993,92.47448,39901321
25,20180308,94.812813,96.665482,87.184196,92.061066,90.729179,35549750
26,20180309,92.061066,92.905663,84.268974,85.059082,83.828499,31361197
27,20180312,86.3396,89.581764,81.735184,88.410225,87.131149,36867220
28,20180313,88.301247,89.636253,85.549492,87.047974,85.788612,27822361
29,20180314,85.440514,90.017685,85.304291,89.227577,87.936676,24472244
30,20180315,89.091347,92.87841,88.927879,91.025749,89.708839,24216374
31,20180316,91.270958,91.788612,86.721031,87.45665,86.191376,22765608
32,20180319,87.184196,88.274002,84.268974,87.511139,86.245071,21394394
33,20180320,86.612053,89.036858,86.257866,87.701851,86.433029,17242124
34,20180321,88.137772,90.535339,87.810837,88.38298,87.104301,14220268
35,20180322,88.491959,89.282066,86.394089,86.884499,85.627502,11326269
36,20180323,84.459686,85.113571,81.02681,83.07019,81.86837,18236099
37,20180326,83.097435,90.589828,82.14386,89.227577,87.936676,22902521
38,20180327,90.399117,91.379936,86.421333,87.129707,85.869156,22051871
39,20180328,86.584808,88.219505,84.296219,85.222549,83.989594,21470217
40,20180402,85.712959,88.519203,82.389069,87.674606,86.406181,18337901
41,20180403,86.230621,88.982368,85.304291,88.491959,87.2117,21100128
42,20180404,88.519203,90.671562,80.154968,82.525291,81.331367,61208164
43,20180405,85.335617,98.135963,81.004677,94.863693,93.491257,42856294
44,20180406,95.120338,99.226715,94.767448,96.082771,94.692696,16557821
45,20180409,96.371506,97.526421,93.452126,94.414558,93.048615,8024416
46,20180410,95.280746,96.852722,94.125832,94.79953,93.428024,7711830
47,20180411,94.99202,95.441154,91.495178,92.746346,91.404541,7993153
48,20180412,92.778427,93.869179,86.394295,87.324646,86.061287,12107380
49,20180413,90.083618,91.751831,88.287079,89.441994,88.147987,18682047
50,20180416,88.992859,91.046043,87.902107,90.308182,89.001656,7913136
51,20180417,90.757317,91.719749,88.415398,89.506157,88.211227,5496341
52,20180418,90.46859,90.46859,87.067993,87.741699,86.47229,5139668
53,20180419,86.939674,91.302696,86.618858,90.885643,89.570755,9986051
54,20180420,90.46859,90.46859,87.260483,88.351234,87.073013,6122099
55,20180423,89.185349,91.110207,88.287079,89.666565,88.369324,6960812
56,20180424,90.179855,90.661072,87.805862,88.479561,87.199478,5641426
57,20180425,88.543724,89.506157,87.677536,88.254997,86.978172,4277522
58,20180426,88.543724,90.949806,87.260483,90.179855,88.875183,4409996
59,20180427,90.436508,95.34491,89.987373,90.981888,89.665611,11783652
60,20180430,91.334778,92.650101,88.928696,89.891129,88.590637,3973908
61,20180502,90.051537,90.789398,79.689354,83.02578,81.824615,13025322
62,20180503,83.410751,83.731567,79.111893,81.100922,79.927597,20057125
63,20180504,81.293404,84.982727,80.619705,81.22924,80.054054,20059687
64,20180507,81.550056,83.346596,80.106407,81.870865,80.686401,19006661
65,20180508,82.287918,85.656425,80.715942,84.341103,83.120903,7209269
66,20180509,83.667404,84.341103,82.159592,82.801216,81.603294,5556490
67,20180510,83.346596,83.859894,80.651787,81.261322,80.085678,7504479
68,20180511,81.838783,83.02578,79.176056,81.999191,80.812866,9263105
69,20180514,82.031273,82.12751,78.021133,79.561028,78.409981,7854960
70,20180515,79.561028,83.057861,77.828651,79.111893,77.967346,10525423
71,20180516,78.919411,80.074326,77.411598,78.983566,77.840881,6247641
72,20180517,79.817673,80.587624,78.14946,79.176056,78.030571,4922000
73,20180518,79.432701,79.561028,75.422569,76.096275,74.995354,6429588
74,20180521,76.352921,77.571999,74.428055,75.839622,74.742409,4982120
75,20180522,76.930382,79.240219,75.871704,78.438194,77.303398,5766771
76,20180523,78.277786,78.566513,74.941353,75.326324,74.236542,3996194
77,20180524,75.711304,77.315353,74.203491,76.449165,75.34314,6809081
78,20180525,76.385002,80.780106,75.743385,80.074326,78.915855,8545640
79,20180528,79.496864,84.373184,79.496864,83.186188,81.982697,7804639
80,20180529,82.12751,82.993698,78.759003,79.368546,78.220284,6376433
81,20180530,78.341949,80.330971,77.956978,79.176056,78.030571,3324790
82,20180531,79.561028,79.721436,77.154945,77.636162,76.512962,7144834
83,20180601,77.636162,78.406113,74.139328,76.705811,75.596069,9722786
84,20180604,76.962463,77.636162,72.92025,74.588463,73.509361,8032675
85,20180605,74.428055,75.262169,72.535278,74.043083,72.97187,4918698
86,20180606,74.107246,76.769974,73.433548,75.871704,74.774033,6253502
87,20180607,75.871704,82.255836,75.871704,80.459297,79.295258,17145197
88,20180608,80.042244,81.61422,78.630676,81.036758,79.864357,8320813
89,20180611,81.935028,85.239372,81.42173,82.287918,81.097412,10227843
90,20180612,81.678375,82.704971,80.940514,81.902946,80.718018,3525932
91,20180613,82.480408,85.111053,82.32,82.865379,81.666527,10410157
92,20180614,82.448326,86.522621,81.61422,85.94516,84.701759,15420224
93,20180615,86.618858,88.030426,84.309029,84.982727,83.753242,13898773
94,20180618,85.271454,87.260483,83.699486,86.201805,84.954681,13121499
95,20180619,85.078972,86.971756,82.704971,83.346596,82.140778,8714922
96,20180620,82.769135,84.918564,82.704971,84.533592,83.3106,7630630
97,20180621,84.501511,85.143135,82.448326,83.314514,82.109169,5664223
98,20180622,83.282433,84.052376,81.838783,83.635323,82.425323,6427410
99,20180625,83.410751,84.116539,81.293404,81.485893,80.306999,4307412
100,20180626,80.330971,84.052376,80.330971,82.865379,81.666527,8685766
101,20180627,82.12751,82.12751,72.182381,73.850601,72.782181,18195059
102,20180628,72.824005,74.203491,69.744225,70.161278,69.146217,13624874
103,20180629,70.642494,73.27314,70.642494,72.599442,71.54911,9766020
104,20180702,72.37487,72.984413,64.707497,67.402306,66.42717,22074830
105,20180703,67.113579,69.263008,65.830338,68.172249,67.185974,11787383
106,20180704,68.20433,69.776306,66.568199,69.1026,68.102859,11036532
107,20180705,69.327171,69.327171,67.081497,67.947685,66.964653,6545131
108,20180706,67.209824,72.310707,65.926575,71.187874,70.157967,19356589
109,20180709,71.540764,72.72776,69.744225,71.637009,70.600594,9358024
110,20180710,72.503197,74.011002,71.925735,73.208977,72.149826,8739556
111,20180711,73.46563,80.52346,73.208977,79.625191,78.473228,41430172
112,20180712,79.849754,81.165077,77.828651,79.753517,78.599693,12897744
113,20180713,79.978081,84.822319,78.50235,84.469429,83.247375,40819011
114,20180716,84.052376,86.522621,82.897461,85.720589,84.480431,28399661
115,20180717,86.65094,90.853561,86.10556,88.736214,87.452423,30615637
116,20180718,88.704132,92.393456,87.228401,91.238533,89.918549,24172884
117,20180719,92.008476,98.937988,90.500671,96.916878,95.51474,22465016
118,20180720,97.590584,105.675011,96.05069,104.552177,103.039581,42113359
119,20180723,103.525581,110.615494,102.017769,109.845551,108.256355,36429184
120,20180724,109.717224,120.624786,105.963737,119.373627,117.646599,84444898
121,20180725,118.699921,131.724838,117.865814,128.195908,126.34124,88858638
122,20180726,124.667,129.575394,121.298485,126.880592,125.044952,66162047
123,20180727,127.073074,132.655182,122.228836,125.693588,124.266876,44416991
124,20180730,126.527702,128.580887,123.41584,124.185783,122.776184,21685477
125,20180731,124.12162,127.169319,122.581726,125.404861,123.98143,13956426
126,20180801,125.757751,126.784348,122.966705,123.993294,122.585884,8364175
127,20180802,123.832893,129.414993,119.020729,126.078568,124.647484,26533948
128,20180803,124.795319,131.083206,124.47451,127.137238,125.694138,31802007
129,20180806,128.324234,129.70372,125.886078,127.169319,125.725861,13783939
130,20180807,126.399376,126.591866,119.758598,122.004272,120.619431,21206813
131,20180808,116.807137,133.906342,114.850197,128.09967,126.645645,55314801
132,20180809,130.890717,132.751419,127.169319,128.548813,127.089706,23748439
133,20180810,128.09967,129.54332,125.821915,127.778862,126.328484,14473803
134,20180813,125.757751,127.554291,123.672485,124.731163,123.315376,11210689
135,20180814,124.923645,131.788986,124.8274,129.799973,128.326645,20777577
136,20180816,127.361809,132.173965,127.361809,130.184937,128.70726,14732446
137,20180817,129.607483,132.623108,128.773376,130.281189,128.802414,8569903
138,20180820,130.345352,137.467346,129.70372,136.344498,134.796906,30872546
139,20180821,137.306931,142.439911,136.055771,136.857803,135.304352,34411752
140,20180823,137.627747,138.108963,130.95488,135.285828,133.750244,22438632
141,20180824,134.740448,137.627747,133.040161,133.970505,132.44986,12187310
142,20180827,134.932938,136.857803,133.008072,135.927444,134.384583,12303976
143,20180828,136.44075,149.176926,134.387558,147.380386,145.70752,56713612
144,20180829,148.663635,151.839661,141.092499,143.274017,141.647751,44981172
145,20180830,142.760712,148.374908,141.028336,143.723145,142.091782,44266980
146,20180831,144.364777,146.674606,142.664474,144.525177,142.884705,22107612
147,20180903,145.006393,145.904663,130.986969,135.061264,133.528214,31267861
148,20180904,135.382065,138.846832,129.607483,134.997101,133.464798,45530498
149,20180905,133.585526,139.039307,132.045639,135.349991,133.813675,55270563
150,20180906,150.0,170.649994,139.350006,163.699997,161.841888,74817700
151,20180907,165.25,169.899994,155.699997,157.350006,155.56398,42704819
152,20180910,158.0,158.0,149.649994,150.75,149.038879,20590646
153,20180911,151.0,153.699997,146.300003,148.25,146.567276,15083637
154,20180912,148.5,150.149994,142.75,148.899994,147.209885,16166704
155,20180914,149.75,152.899994,148.25,150.600006,148.890594,8859644
156,20180917,150.199997,155.649994,146.800003,152.050003,150.324127,10925422
157,20180918,151.949997,154.850006,146.300003,148.449997,146.764984,7447741
158,20180919,149.399994,150.699997,145.300003,147.350006,145.677475,5315295
159,20180921,148.0,153.5,132.649994,138.449997,136.878479,12829824
160,20180924,138.449997,139.75,131.149994,134.5,132.973328,5960439
161,20180925,133.5,142.399994,125.650002,138.350006,136.779633,8571550
162,20180926,140.399994,142.5,133.699997,136.5,134.950623,6768299
163,20180927,136.0,143.050003,132.699997,142.25,140.635376,9769528
164,20180928,142.649994,143.399994,125.599998,130.600006,129.117615,11876058
165,20181001,127.0,138.600006,121.550003,137.350006,135.790985,9826192
166,20181003,137.0,141.5,130.050003,134.800003,133.269928,6829117
167,20181004,129.399994,134.300003,127.0,132.949997,131.440918,7184987
168,20181005,131.550003,135.75,128.25,130.199997,128.722137,6099515
169,20181008,129.0,134.850006,121.349998,133.149994,131.638657,10658358
170,20181009,136.0,137.699997,129.350006,135.899994,134.357437,7186017
171,20181010,136.5,147.850006,135.0,143.75,142.118347,9209149
172,20181011,138.0,143.399994,135.149994,138.199997,136.631332,8421556
173,20181012,140.100006,145.399994,140.100006,143.850006,142.217209,6338784
174,20181015,147.0,153.75,143.800003,152.449997,150.719589,9011923
175,20181016,152.350006,160.0,151.75,157.649994,155.86055,9671300
176,20181017,160.100006,163.649994,154.25,161.75,159.914032,11660585
177,20181019,158.5,170.699997,158.5,168.75,166.834564,11861481
178,20181022,171.100006,176.699997,164.399994,168.5,166.587418,13950566
179,20181023,169.0,171.850006,166.0,169.550003,167.625504,8339433
180,20181024,171.0,172.25,165.100006,167.550003,165.648193,5451065
181,20181025,166.75,174.399994,161.5,172.100006,170.146545,7460591
182,20181026,174.0,174.75,165.300003,166.75,164.857269,6982991
183,20181029,168.649994,172.600006,165.050003,171.75,169.800507,5332500
184,20181030,172.5,174.0,168.100006,169.050003,167.131165,3885243
185,20181031,167.0,173.800003,164.699997,170.0,168.070389,10254679
186,20181101,171.050003,178.100006,168.850006,175.0,173.013611,8041754
187,20181102,176.600006,179.5,173.800003,175.600006,173.606812,6839045
188,20181105,176.100006,176.75,155.800003,168.5,166.587418,12668556
189,20181106,168.25,169.0,162.0,164.449997,162.583389,5834504
190,20181107,165.0,169.0,164.699997,165.75,163.868622,1138303
191,20181109,165.5,167.800003,163.949997,166.300003,164.412384,4079435
192,20181112,166.0,167.899994,158.149994,160.25,158.431046,4332207
193,20181113,160.25,163.0,158.75,162.149994,160.309479,3641712
194,20181114,163.300003,163.75,158.25,160.850006,159.024261,3263131
195,20181115,161.75,166.25,160.0,162.850006,161.001556,5297431
196,20181116,163.0,163.850006,157.5,161.449997,159.617416,3885301
197,20181119,162.399994,164.399994,159.550003,162.100006,160.26004,3424402
198,20181120,161.649994,163.649994,156.949997,160.149994,158.332184,4293856
199,20181121,161.600006,162.0,158.5,161.0,159.172546,4209404
200,20181122,161.899994,161.949997,157.550003,158.5,156.700897,2405010
201,20181126,158.5,159.899994,155.649994,157.350006,155.56398,2428238
202,20181127,157.350006,161.0,154.25,159.149994,157.343521,3925863
203,20181128,159.149994,159.600006,156.300003,158.0,156.206573,3156482
204,20181129,159.350006,175.550003,158.699997,169.899994,167.971497,13648898
205,20181130,168.5,174.800003,163.5,165.0,163.127136,9405499
206,20181203,166.050003,168.5,163.5,166.699997,164.807846,3213684
207,20181204,165.949997,166.5,160.0,162.75,160.902664,3797368
208,20181205,161.050003,164.949997,155.75,157.399994,155.613403,8601249
209,20181206,155.800003,156.0,149.75,150.550003,148.841156,5714514
210,20181207,151.800003,154.350006,150.0,152.899994,151.164474,7411261
211,20181210,146.850006,147.0,141.0,143.149994,141.525146,7484723
212,20181211,139.0,155.850006,134.5,151.899994,150.175827,9251826
213,20181212,152.800003,157.0,151.050003,156.100006,154.328156,4377945
214,20181213,156.0,158.600006,154.0,156.0,154.229294,3499313
215,20181214,156.0,157.899994,154.100006,157.100006,155.316803,3389589
216,20181217,157.100006,158.899994,156.350006,157.949997,156.15715,1595605
217,20181218,157.699997,159.75,156.199997,158.050003,156.256027,1689582
218,20181219,160.0,162.699997,158.5,160.199997,158.381622,2312343
219,20181220,159.399994,162.5,158.399994,159.25,157.442413,2539589
220,20181221,159.800003,161.5,152.0,159.350006,157.541275,5335334
221,20181224,159.399994,160.899994,156.5,158.550003,156.750351,3130614
222,20181226,156.850006,164.100006,155.100006,161.25,159.419693,4065516
223,20181227,162.25,167.800003,159.850006,162.350006,160.507233,10882426
224,20181228,161.949997,164.300003,159.800003,161.550003,159.716293,3905985
225,20181231,162.850006,164.199997,160.199997,161.0,159.172546,3890636
226,20190101,160.899994,162.350006,155.449997,157.25,155.465118,4726656
227,20190102,157.0,157.850006,152.5,154.850006,153.092361,2735262
228,20190103,154.899994,156.100006,150.300003,152.5,150.769028,2758876
229,20190104,152.100006,154.0,150.0,152.550003,150.818451,2777308
230,20190107,152.899994,154.449997,150.25,151.25,149.533203,2714218
231,20190108,150.5,154.300003,149.649994,153.449997,151.708221,2791866
232,20190109,153.600006,154.449997,147.600006,149.350006,147.65477,4054809
233,20190110,151.0,151.800003,148.5,151.100006,149.384903,3534546
234,20190111,151.100006,152.600006,149.100006,151.5,149.780365,2254999
235,20190114,151.0,151.149994,147.0,148.350006,146.666122,2624582
236,20190115,148.5,149.949997,147.25,148.649994,146.962708,1805678
237,20190116,148.199997,150.699997,148.0,148.449997,146.764984,1574176
238,20190117,148.399994,151.25,146.350006,149.0,147.308746,2618859
239,20190118,149.699997,149.800003,144.550003,146.75,145.08429,2306520
240,20190121,146.5,148.0,144.25,145.949997,144.29335,1763205
241,20190122,145.399994,146.649994,141.699997,145.699997,144.046204,2261667
242,20190123,145.5,146.5,142.050003,143.0,141.376846,2322990
243,20190124,143.0,144.050003,141.100006,142.550003,140.931961,1678843
244,20190125,142.850006,145.449997,136.149994,137.350006,135.790985,3297651
245,20190128,138.0,141.0,118.949997,136.399994,134.851761,9404485
246,20190129,136.449997,143.800003,133.600006,140.800003,139.201828,4301493
247,20190130,140.899994,141.5,136.5,139.899994,138.312042,3102926
248,20190131,139.5,141.75,135.0,137.149994,135.593246,3498642
249,20190201,136.949997,144.800003,134.550003,143.0,141.376846,7091209
250,20190204,142.899994,142.899994,121.300003,123.099998,121.702728,9832462
251,20190205,122.0,127.400002,119.599998,124.25,122.839676,8484607
252,20190206,123.849998,124.199997,114.800003,122.900002,121.505005,9905219
253,20190207,122.199997,126.800003,119.050003,123.949997,122.543076,9826247
254,20190208,123.0,125.449997,115.699997,123.75,122.345352,8059813
255,20190211,122.949997,123.25,115.800003,118.199997,116.858345,7048335
256,20190212,117.199997,120.0,115.349998,116.949997,115.622536,3698931
257,20190214,118.449997,119.5,116.0,118.099998,116.759483,4962697
258,20190215,118.150002,121.150002,116.5,119.800003,118.440201,4509378
259,20190218,118.300003,119.900002,116.099998,117.5,116.16629,2569451
260,20190219,118.400002,119.800003,116.800003,118.25,116.907784,2644152
261,20190220,117.949997,121.099998,116.199997,120.050003,118.687355,3739081
262,20190221,119.800003,121.0,117.900002,119.400002,118.044731,2698192
263,20190222,120.25,130.699997,119.800003,128.050003,126.596542,14695085
264,20190225,125.0,133.899994,123.0,132.0,130.501709,12769956
265,20190226,130.0,134.300003,128.0,132.100006,130.600586,8879092
266,20190227,133.800003,136.300003,129.550003,132.25,130.748856,5875292
267,20190228,133.5,134.199997,128.0,128.850006,127.387474,3960957
268,20190301,130.350006,135.199997,128.850006,133.850006,132.330719,7738116
269,20190305,132.5,143.699997,132.0,141.800003,140.19046,7598974
270,20190306,142.75,143.75,138.199997,139.25,137.669418,4856085
271,20190307,139.0,140.949997,135.300003,136.899994,135.346085,3496617
272,20190308,135.75,139.350006,135.399994,138.199997,136.631332,3681442
273,20190311,137.850006,140.949997,137.600006,139.050003,137.47168,2550759
274,20190312,140.5,150.75,140.050003,148.399994,146.715546,12543653
275,20190313,148.399994,150.399994,145.399994,147.350006,145.677475,5700158
276,20190314,147.399994,149.199997,143.600006,145.550003,143.897919,4052596
277,20190315,145.800003,148.899994,140.25,141.850006,140.239899,5981701
278,20190318,142.399994,145.0,140.350006,143.899994,142.266632,4934286
279,20190319,144.449997,144.850006,140.5,142.0,140.388214,4320808
280,20190320,142.0,142.699997,138.050003,139.449997,137.867142,3242462
281,20190322,140.699997,141.449997,137.050003,138.25,136.680756,3147147
282,20190325,137.0,137.600006,133.5,134.350006,132.825043,2977535
283,20190326,134.899994,140.0,133.399994,138.300003,136.730209,4180951
284,20190327,138.550003,140.949997,136.25,137.5,135.939285,2778662
285,20190328,138.449997,143.149994,136.300003,137.800003,136.235901,3966292
286,20190401,147.449997,153.199997,145.100006,151.449997,149.730942,7938713
287,20190402,151.699997,153.300003,148.350006,151.649994,149.92865,6228254
288,20190403,150.300003,152.649994,146.600006,147.550003,145.875198,3416023
289,20190404,147.949997,150.300003,145.449997,147.5,145.82576,3963980
290,20190405,148.0,149.199997,146.199997,146.899994,145.232574,2004719
291,20190408,147.5,148.649994,141.100006,141.949997,140.33876,4399839
292,20190409,142.300003,147.0,137.449997,146.0,144.342789,8432342
293,20190410,145.75,147.399994,142.050003,142.850006,141.228561,4356153
294,20190411,142.75,143.149994,138.600006,141.0,139.399536,3535449
295,20190412,140.800003,144.449997,139.199997,141.399994,139.795013,5769634
296,20190415,141.0,145.149994,140.550003,142.949997,141.327423,4375074
297,20190416,142.199997,145.350006,142.199997,143.050003,141.426285,3648947
298,20190418,143.100006,144.449997,137.649994,138.600006,137.02681,3954004
299,20190422,138.0,138.649994,134.350006,135.149994,133.615936,3189574
300,20190423,135.399994,136.300003,131.550003,132.5,130.996033,4084835
301,20190424,132.75,137.100006,132.100006,136.149994,134.604599,4329268
302,20190425,135.100006,137.0,133.850006,134.75,133.220505,2112063
303,20190426,135.0,135.649994,130.25,131.399994,129.908508,4350584
304,20190430,131.800003,131.800003,125.0,127.050003,125.607895,4006829
305,20190502,126.0,130.0,124.800003,126.650002,125.212433,3754433
306,20190503,124.0,129.0,123.0,128.300003,126.843712,6222801
307,20190506,125.75,127.400002,125.050003,125.599998,124.174347,1996014
308,20190507,126.400002,127.0,120.050003,122.349998,120.961243,4593214
309,20190508,121.800003,123.650002,120.400002,120.900002,119.527695,2661345
310,20190509,121.900002,122.199997,119.150002,120.099998,118.736778,2907774
311,20190510,121.0,122.300003,119.25,120.0,118.637917,2835247
312,20190513,120.699997,120.900002,116.650002,117.599998,116.265152,2124122
313,20190514,116.349998,124.550003,115.0,123.349998,121.94989,4548264
314,20190515,124.199997,124.949997,116.099998,117.400002,116.067436,3659017
315,20190516,118.099998,119.5,113.0,118.800003,117.451538,5368281
316,20190517,117.75,120.550003,116.099998,119.300003,117.945862,4631007
317,20190520,131.199997,154.899994,128.100006,151.949997,150.22525,37670288
318,20190521,154.699997,158.949997,148.449997,154.649994,152.894592,39732349
319,20190522,155.050003,158.800003,152.800003,157.949997,156.15715,13565092
320,20190523,169.5,180.800003,157.699997,161.050003,159.22197,61334483
321,20190524,162.350006,163.75,151.850006,156.399994,154.624756,19435041
322,20190527,159.100006,160.699997,155.149994,157.199997,155.415665,9664810
323,20190528,157.100006,160.350006,156.050003,157.649994,155.86055,5456461
324,20190529,157.949997,158.399994,151.75,155.149994,153.388947,12993604
325,20190530,158.100006,159.399994,155.100006,158.100006,156.305466,6740283
326,20190531,158.5,159.300003,149.100006,154.75,152.993484,7553254
327,20190603,154.0,161.899994,151.649994,159.050003,157.244675,7975636
328,20190604,158.149994,159.300003,154.5,157.600006,155.811127,5502910
329,20190606,156.899994,157.800003,151.199997,153.149994,151.411636,3832155
330,20190607,152.949997,153.550003,146.800003,151.350006,149.63208,5016442
331,20190610,152.0,155.5,147.0,149.949997,148.247955,3967379
332,20190611,149.5,154.25,148.350006,153.600006,151.856537,3413094
333,20190612,154.0,159.350006,150.550003,153.199997,151.46106,7477081
334,20190613,153.199997,158.850006,149.0,153.100006,151.362228,7968656
335,20190614,156.0,156.0,151.550003,152.449997,150.719589,6589668
336,20190617,153.0,153.949997,147.25,147.899994,146.221222,3470303
337,20190618,147.350006,148.850006,144.0,147.949997,146.270676,5764444
338,20190619,148.449997,149.75,140.600006,142.800003,141.179123,4744374
339,20190620,142.300003,149.699997,140.350006,148.449997,146.764984,4477064
340,20190621,147.0,152.0,145.949997,146.800003,145.133728,4673136
341,20190624,145.899994,148.800003,144.600006,147.75,146.072922,3240654
342,20190625,146.5,151.949997,144.850006,150.850006,149.137756,4920288
343,20190626,150.0,155.300003,148.5,153.800003,152.05426,4779891
344,20190627,152.300003,154.949997,151.5,152.850006,151.115036,2858423
345,20190628,152.5,156.300003,149.800003,150.5,148.791733,4642404
346,20190701,150.649994,155.600006,148.050003,154.100006,152.350876,6182608
347,20190702,154.899994,158.199997,151.399994,154.699997,152.944031,11741576
348,20190703,156.399994,157.600006,154.199997,155.600006,153.833832,5661251
349,20190704,160.100006,161.800003,154.300003,156.100006,154.328156,15687573
350,20190705,156.300003,156.850006,145.850006,147.300003,145.628052,6607087
351,20190708,143.25,146.25,137.550003,138.899994,137.32338,5896584
352,20190709,138.050003,143.199997,135.75,141.149994,139.547836,7317997
353,20190710,142.0,142.5,137.25,139.350006,137.76828,5548654
354,20190711,140.5,141.850006,137.5,141.0,139.399536,5098558
355,20190712,141.0,143.449997,137.800003,140.300003,138.707504,6678610
356,20190715,141.0,141.699997,136.100006,137.949997,136.384171,4491271
357,20190716,137.899994,140.949997,136.600006,140.149994,138.559189,4954078
358,20190717,140.199997,141.0,137.0,138.050003,136.483047,3984405
359,20190718,137.699997,137.949997,133.350006,134.199997,132.676743,4247055
360,20190719,134.25,135.199997,130.300003,131.399994,129.908508,4256095
361,20190722,130.75,134.199997,128.699997,131.649994,130.15567,5467444
362,20190723,131.449997,135.949997,130.75,134.050003,132.528442,5753483
363,20190724,133.449997,134.0,127.849998,129.800003,128.326675,5403438
364,20190725,130.5,131.300003,127.75,129.399994,127.931229,3977652
365,20190726,129.399994,134.199997,128.399994,131.850006,130.353424,3632048
366,20190729,131.0,131.850006,127.099998,129.449997,128.370087,4349871
367,20190730,128.0,131.0,123.849998,125.349998,124.304298,4167043
368,20190731,125.0,129.300003,124.199997,128.800003,127.725525,3665392
369,20190801,128.600006,129.100006,123.0,125.449997,124.403458,4462938
370,20190802,124.900002,129.75,123.300003,128.100006,127.031364,4637509
371,20190805,126.199997,126.400002,121.150002,124.699997,123.659721,5259236
372,20190806,124.0,129.449997,124.0,128.199997,127.130524,3899290
373,20190807,128.199997,130.149994,124.599998,125.599998,124.552216,3911797
374,20190808,126.199997,134.0,124.050003,130.899994,129.807999,7070036
375,20190809,134.699997,135.899994,130.100006,132.399994,131.295471,8589075
376,20190813,133.0,133.899994,128.600006,130.300003,129.213013,4226112
377,20190814,130.899994,132.449997,127.349998,130.649994,129.560089,4761139
378,20190816,130.0,133.949997,128.149994,132.850006,131.741745,4087073
379,20190819,132.800003,136.949997,132.300003,135.5,134.369629,4261741
380,20190820,135.699997,136.800003,132.050003,135.649994,134.518356,4515865
381,20190821,134.0,135.300003,130.25,131.899994,130.799652,3426518
382,20190822,130.949997,131.300003,126.099998,126.900002,125.84137,3358838
383,20190823,123.400002,132.199997,122.900002,131.300003,130.204666,4374006
384,20190826,132.100006,135.949997,128.300003,135.199997,134.072113,5507570
385,20190827,134.75,138.199997,133.899994,137.149994,136.005859,4495705
386,20190828,136.199997,137.100006,132.149994,135.949997,134.815872,5312871
387,20190829,138.0,138.0,130.350006,132.350006,131.245911,6108447
388,20190830,132.399994,138.300003,132.149994,137.350006,136.204193,7806183
389,20190903,135.600006,136.899994,133.0,135.25,134.121704,3477541
390,20190904,134.600006,135.5,130.600006,134.949997,133.824203,4313711
391,20190905,135.0,138.649994,133.350006,135.75,134.617554,6840367
392,20190906,135.399994,138.449997,135.050003,137.75,136.600861,3744649
393,20190909,137.800003,141.75,136.350006,140.899994,139.724564,4349296
394,20190911,140.050003,144.899994,140.050003,143.949997,142.74913,4245005
395,20190912,144.850006,146.300003,142.050003,143.050003,141.856644,3500479
396,20190913,143.0,146.899994,140.550003,145.75,144.534119,3561056
397,20190916,144.0,147.199997,143.149994,145.949997,144.732452,3713796
398,20190917,145.5,147.899994,142.399994,143.75,142.550812,4167662
399,20190918,144.0,146.0,142.100006,144.149994,142.947464,3465608
400,20190919,143.949997,144.899994,140.5,142.550003,141.360825,2662885
401,20190920,143.0,152.100006,141.300003,149.100006,147.856171,7545363
402,20190923,154.0,154.0,147.550003,152.399994,151.128647,4136992
403,20190924,151.25,153.0,145.399994,148.050003,146.814941,4576924
404,20190925,149.699997,151.0,145.5,147.550003,146.319122,4572108
405,20190926,148.449997,155.399994,146.649994,152.699997,151.426132,7013490
406,20190927,152.699997,152.699997,147.199997,149.449997,148.203247,4016921
407,20190930,149.100006,149.75,143.75,145.850006,144.633301,3528313
408,20191001,146.100006,147.699997,140.5,143.649994,142.451614,3732047
409,20191003,143.0,145.0,141.399994,143.550003,142.352478,2070232
410,20191004,143.949997,144.5,137.550003,140.0,138.832077,2382805
411,20191007,138.449997,140.0,135.25,135.800003,134.667114,2701943
412,20191009,134.949997,139.649994,134.100006,139.0,137.840424,2682715
413,20191010,138.0,139.100006,135.300003,137.399994,136.253769,2413888
414,20191011,137.449997,138.800003,134.600006,136.949997,135.80751,2780875
415,20191014,137.899994,152.399994,137.0,147.100006,145.872864,10795909
416,20191015,147.699997,155.850006,146.600006,155.0,153.706955,11048872
417,20191016,155.0,160.899994,155.0,160.149994,158.813995,9587304
418,20191017,159.800003,165.0,157.649994,162.550003,161.19397,6523046
419,20191018,174.899994,175.800003,165.100006,175.100006,173.639267,14162661
420,20191022,174.5,180.0,173.399994,178.649994,177.159653,7909839
421,20191023,178.75,178.75,172.399994,176.449997,174.977997,4743985
422,20191024,175.0,180.0,174.300003,179.0,177.506729,4753708
423,20191025,179.5,183.699997,177.199997,181.300003,179.787537,7857185
424,20191027,182.899994,184.25,182.0,183.399994,181.870026,1003411
425,20191029,182.800003,197.0,182.350006,195.550003,193.918686,9534790
426,20191030,194.350006,197.449997,192.300003,195.75,194.117004,4791525
427,20191031,196.699997,201.300003,196.0,199.649994,197.984467,6584768
428,20191101,199.0,202.399994,196.199997,200.449997,198.777786,3522957
429,20191104,200.949997,203.899994,198.25,200.899994,199.22403,3965499
430,20191105,200.0,201.5,197.699997,200.550003,198.876968,2326138
431,20191106,199.0,209.699997,198.600006,207.550003,205.818573,6220311
432,20191107,207.899994,210.399994,205.5,209.149994,207.405228,3959490
433,20191108,208.699997,212.0,206.199997,208.050003,206.314407,4057743
434,20191111,206.949997,212.25,206.050003,210.850006,209.091049,2907157
435,20191113,209.0,210.75,194.300003,198.199997,196.54657,9836594
436,20191114,196.25,203.149994,194.050003,202.300003,200.612366,4141184
437,20191115,202.0,205.0,200.800003,203.600006,201.90152,3314555
438,20191118,203.800003,205.600006,200.100006,201.149994,199.471939,2041767
439,20191119,202.0,202.600006,196.25,199.699997,198.034058,2954848
440,20191120,198.5,207.449997,198.100006,205.699997,203.983994,3488019
441,20191121,206.899994,209.0,201.949997,205.5,203.785675,4409698
442,20191122,204.75,206.300003,200.100006,203.449997,201.752762,2545651
443,20191125,201.899994,216.25,201.600006,215.199997,213.404755,6805228
444,20191126,214.75,217.699997,207.149994,210.600006,208.84314,5247790
445,20191127,209.899994,215.199997,208.5,213.550003,211.768509,4051404
446,20191128,212.800003,216.199997,210.5,213.100006,211.322281,4234343
447,20191129,212.399994,221.5,211.699997,214.899994,213.107254,7969827
448,20191202,212.0,213.699997,206.050003,209.0,207.25647,3169460
449,20191203,208.0,209.949997,203.550003,207.850006,206.116074,2382612
450,20191204,205.800003,213.5,205.300003,212.449997,210.677689,2917279
451,20191205,213.0,213.699997,207.350006,208.399994,206.661469,2309030
452,20191206,208.449997,210.050003,205.050003,206.5,204.777328,1958477
453,20191209,205.899994,209.699997,202.399994,207.449997,205.719406,2550809
454,20191210,207.449997,208.199997,203.300003,204.199997,202.496521,2139886
455,20191211,203.100006,207.800003,202.649994,206.149994,204.430237,2155584
456,20191212,206.899994,212.350006,206.600006,210.399994,208.644775,2958155
457,20191213,210.5,213.25,208.5,212.199997,210.429779,2867800
458,20191216,212.100006,213.25,209.399994,210.5,208.743942,2184582
459,20191217,210.5,213.199997,210.0,211.199997,209.438126,1968218
460,20191218,211.800003,212.449997,205.600006,208.149994,206.413544,2542320
461,20191219,207.649994,211.0,206.75,210.550003,208.793549,2180662
462,20191220,210.0,220.800003,209.5,218.800003,216.974716,6997898
463,20191223,217.75,220.800003,212.399994,214.550003,212.760178,3709426
464,20191224,214.550003,216.949997,207.600006,209.149994,207.405228,2984621
465,20191226,208.949997,211.100006,205.600006,208.949997,207.206879,3299177
466,20191227,209.050003,211.199997,207.100006,209.100006,207.355637,2240503
467,20191230,209.899994,211.600006,208.0,208.649994,206.909378,1938731
468,20191231,208.699997,210.75,207.649994,208.350006,206.611893,1600059
469,20200101,209.0,210.449997,206.649994,207.850006,206.116074,1553127
470,20200102,208.0,213.199997,207.5,211.199997,209.438126,2991937
471,20200103,210.25,212.350006,205.800003,208.300003,206.562317,2512421
472,20200106,207.75,207.75,197.75,199.550003,197.8853,4353179
473,20200107,200.550003,205.699997,200.550003,204.050003,202.347763,2966120
474,20200108,201.0,203.550003,194.550003,201.5,199.819031,5762654
475,20200109,201.899994,208.899994,201.899994,208.0,206.264816,3496063
476,20200110,208.0,213.0,205.899994,209.100006,207.355637,2769132
477,20200113,210.649994,216.25,209.600006,213.600006,211.8181,3527267
478,20200114,213.449997,215.5,211.850006,214.350006,212.561844,1775182
479,20200115,214.5,218.0,212.5,216.600006,214.793076,1982079
480,20200116,217.699997,222.5,217.0,220.0,218.164703,4280379
481,20200117,216.0,229.25,213.699997,228.399994,226.494629,10810744
482,20200120,229.550003,232.25,224.149994,226.550003,224.660065,4546367
483,20200121,224.350006,227.0,220.5,224.25,222.379257,2813526
484,20200122,224.800003,228.0,221.149994,225.899994,224.015488,2939366
485,20200123,226.0,231.199997,225.75,229.600006,227.684631,2650092
486,20200124,225.5,232.399994,219.0,229.75,227.833374,7154795
487,20200127,229.5,236.449997,226.050003,230.550003,228.626694,5293975
488,20200128,232.25,234.5,229.100006,229.899994,227.982117,2161711
489,20200129,231.699997,238.350006,231.0,232.300003,230.362091,3738186
490,20200130,232.300003,232.75,228.199997,231.5,229.568756,2192123
491,20200131,231.0,234.550003,227.149994,229.449997,227.535858,2720308
492,20200203,221.699997,224.649994,215.600006,220.899994,219.05719,2720614
493,20200204,222.649994,227.149994,222.050003,225.449997,223.569229,2028088
494,20200205,226.75,239.300003,222.550003,236.25,234.279144,8985919
495,20200206,237.399994,243.600006,234.100006,236.5,234.527054,8852675
496,20200207,236.399994,242.149994,235.25,239.5,237.502029,5052443
497,20200210,239.5,245.149994,237.550003,244.5,242.460312,5588211
498,20200211,245.199997,248.600006,243.649994,245.300003,243.253647,3533751
499,20200212,245.899994,251.399994,245.0,249.699997,247.616943,4490312
500,20200213,249.800003,252.75,248.25,251.449997,249.352341,2563148
501,20200214,252.5,258.600006,251.550003,256.149994,254.013107,4968325
502,20200217,256.899994,257.399994,251.649994,252.5,250.39357,2411524
503,20200218,251.649994,251.649994,245.25,249.449997,247.369019,2430446
504,20200219,250.0,255.5,249.899994,254.0,251.881073,2101729
505,20200220,253.199997,261.0,252.649994,258.649994,256.492279,3108173
506,20200224,254.800003,255.850006,244.100006,247.25,245.187363,3309214
507,20200225,249.800003,251.75,242.399994,246.449997,244.394043,3309962
508,20200226,244.0,246.300003,241.0,242.800003,240.774506,2897390
509,20200227,241.449997,241.449997,232.050003,234.149994,232.196655,3568055
510,20200228,221.0,226.800003,217.0,218.649994,216.825958,3364181
511,20200302,223.0,226.699997,216.149994,218.600006,216.776398,3162614
512,20200303,221.0,228.649994,219.25,225.75,223.86673,2992170
513,20200304,226.100006,227.0,213.550003,221.100006,219.255539,5216787
514,20200305,223.75,226.850006,219.350006,221.75,219.900116,3159080
515,20200306,215.100006,216.75,207.5,214.75,212.958496,4375226
516,20200309,207.0,208.5,197.25,199.699997,198.034058,2763988
517,20200311,197.399994,205.0,192.25,195.75,194.117004,3763186
518,20200312,180.100006,183.899994,160.449997,162.149994,160.797302,4834390
519,20200313,145.949997,161.350006,129.75,148.75,147.509079,7463176
520,20200316,141.0,142.300003,128.649994,134.699997,133.576294,6582749
521,20200317,135.699997,142.550003,130.5,133.399994,132.287155,6388061
522,20200318,135.899994,137.0,127.099998,130.199997,129.113846,4255688
523,20200319,121.0,132.949997,118.199997,128.899994,127.824677,5517080
524,20200320,138.0,141.600006,128.699997,137.699997,136.55127,4496351
525,20200323,123.050003,135.0,118.199997,120.900002,120.768463,1456143
526,20200324,125.0,132.949997,116.400002,130.350006,130.208176,5125923
527,20200325,126.0,134.899994,125.0,132.300003,132.156067,2771318
528,20200326,135.0,152.0,132.050003,140.25,140.097412,7980255
529,20200327,146.0,151.0,126.25,128.0,127.860741,4378366
530,20200330,124.0,129.800003,121.0,128.699997,128.559967,2397592
531,20200331,131.699997,138.449997,129.449997,137.600006,137.450302,2200227
532,20200401,138.949997,138.949997,131.800003,133.949997,133.80426,1997603
533,20200403,134.0,134.600006,128.0,129.050003,128.909607,1761897
534,20200407,131.0,141.5,131.0,138.149994,137.99968,2463474
535,20200408,136.850006,147.149994,134.899994,138.100006,137.949753,3237290
536,20200409,140.0,146.25,140.0,142.449997,142.295013,2359428
537,20200413,142.0,149.0,136.550003,146.0,145.841156,2204560
538,20200415,148.050003,150.949997,143.199997,145.25,145.09198,3413325
539,20200416,142.0,144.850006,140.550003,143.300003,143.144089,2685695
540,20200417,146.949997,148.550003,141.550003,143.899994,143.743423,2383979
541,20200420,146.0,155.449997,142.600006,146.699997,146.54039,6835058
542,20200421,143.0,143.0,134.149994,135.949997,135.802094,3576177
543,20200422,136.0,138.800003,132.100006,137.600006,137.450302,6012030
544,20200423,140.5,142.5,137.5,140.5,140.347137,3371195
545,20200424,137.149994,140.550003,134.100006,134.649994,134.503494,1823167
546,20200427,136.399994,138.350006,134.100006,134.600006,134.453568,2996533
547,20200428,135.949997,141.899994,135.050003,139.300003,139.148438,5721109
548,20200429,140.0,140.699997,135.649994,139.5,139.348236,4774187
549,20200430,141.449997,147.449997,140.300003,141.399994,141.246155,4899422
550,20200504,136.899994,137.5,130.0,131.550003,131.406876,6012691
551,20200505,135.0,136.350006,131.800003,132.699997,132.555618,3112486
552,20200506,133.649994,135.399994,127.300003,133.25,133.105026,6685480
553,20200507,131.100006,135.649994,130.0,134.899994,134.753235,2423478
554,20200508,136.899994,139.350006,136.199997,137.149994,137.000778,2431204
555,20200511,137.850006,143.300003,137.5,140.050003,139.897644,2900696
556,20200512,138.5,140.699997,133.199997,139.899994,139.747787,2901801
557,20200513,145.0,145.0,140.75,141.149994,140.996429,3115038
558,20200514,139.550003,142.350006,137.399994,140.899994,140.746704,1587450
559,20200515,141.399994,143.699997,140.0,141.050003,140.896545,2145697
560,20200518,144.800003,146.399994,134.350006,135.899994,135.752136,4941536
561,20200519,137.800003,145.899994,134.449997,139.699997,139.548004,5564024
562,20200520,139.5,143.199997,138.0,141.350006,141.196213,2872608
563,20200521,142.199997,144.0,137.050003,138.300003,138.149536,2682428
564,20200522,138.0,141.199997,136.600006,138.100006,137.949753,2449109
565,20200526,139.0,143.300003,138.350006,139.5,139.348236,2657870
566,20200527,139.75,141.600006,138.5,141.0,140.846588,2224751
567,20200528,141.699997,144.399994,140.600006,142.649994,142.494797,2816689
568,20200529,141.100006,153.600006,141.100006,148.350006,148.188614,9162612
569,20200601,150.0,154.899994,149.5,150.5,150.336258,3985102
570,20200602,151.0,152.600006,148.25,149.949997,149.78685,2482873
571,20200603,151.75,157.899994,149.600006,150.649994,150.486099,5875845
572,20200604,150.5,153.899994,146.149994,148.0,147.838974,3146640
573,20200605,148.899994,155.0,148.449997,152.449997,152.284134,4111095
574,20200608,155.600006,158.5,150.649994,152.649994,152.483917,4899754
575,20200609,154.199997,156.699997,151.050003,151.899994,151.734741,3005643
576,20200610,152.75,154.75,150.25,151.850006,151.684799,4135121
577,20200611,151.850006,165.449997,150.25,151.800003,151.634857,16533100
578,20200612,144.0,153.300003,141.0,152.300003,152.134308,4817295
579,20200615,151.800003,156.850006,148.25,149.25,149.087616,3214496
580,20200616,153.5,154.0,142.75,146.199997,146.040924,2640377
581,20200617,145.0,148.449997,143.449997,147.149994,146.989899,1252809
582,20200618,146.699997,149.449997,146.0,147.850006,147.689148,2037814
583,20200619,149.600006,154.399994,148.899994,152.699997,152.533859,5245179
584,20200622,154.5,156.199997,153.600006,154.649994,154.481735,4662143
585,20200623,157.0,161.800003,155.550003,157.199997,157.028961,4790074
586,20200624,159.100006,163.0,153.5,154.800003,154.631577,4078195
587,20200625,153.25,169.199997,153.0,161.649994,161.474121,14608370
588,20200626,164.0,166.350006,161.300003,162.149994,161.973572,6772909
589,20200629,161.399994,163.550003,156.75,159.75,159.576187,2937549
590,20200630,161.399994,164.149994,155.25,156.25,156.080002,3827240
591,20200701,157.149994,159.0,156.050003,157.649994,157.478485,1681231
592,20200702,159.800003,160.949997,156.149994,158.199997,158.027878,2152710
593,20200703,160.0,163.850006,157.399994,160.0,159.825912,4481657
594,20200706,161.949997,165.199997,160.5,164.199997,164.021347,3515662
595,20200707,164.5,170.649994,163.300003,168.149994,167.967056,8172143
596,20200708,168.0,169.5,161.399994,163.0,162.822662,3650115
597,20200709,163.0,165.100006,161.449997,162.75,162.572937,1711099
598,20200710,161.5,163.399994,158.5,159.699997,159.526245,1950837
599,20200713,161.449997,162.449997,154.350006,156.050003,155.880219,2585981
600,20200714,155.899994,156.25,149.0,149.75,149.587082,2352010
601,20200715,150.100006,153.850006,147.0,147.75,147.589249,2180415
602,20200716,148.100006,150.0,145.199997,148.899994,148.737991,1473784
603,20200717,149.75,153.899994,149.0,151.600006,151.435074,2222846
604,20200720,153.149994,161.899994,152.100006,160.699997,160.525162,6329853
605,20200721,161.449997,168.100006,159.100006,167.300003,167.117981,6517373
606,20200722,167.0,172.0,162.0,169.399994,169.215698,4611051
607,20200723,168.350006,170.699997,165.399994,169.949997,169.765091,2199241
608,20200724,167.399994,169.75,163.649994,168.75,168.566406,1801357
609,20200727,168.649994,169.050003,163.0,165.949997,165.769455,1156539
610,20200728,166.300003,174.899994,163.800003,173.550003,173.361176,4829045
611,20200729,174.0,190.850006,172.050003,179.100006,178.905151,15392378
612,20200730,179.199997,181.350006,173.25,175.050003,174.859558,3403335
613,20200731,174.0,178.649994,172.100006,175.25,175.059326,2644457
614,20200803,175.25,178.699997,171.199997,172.25,172.062592,2789132
615,20200804,174.0,184.0,172.199997,182.100006,181.901886,4208453
616,20200805,183.0,184.800003,178.5,179.600006,179.404602,4042372
617,20200806,180.100006,188.0,177.5,185.949997,185.747681,6447296
618,20200807,181.050003,195.0,180.100006,192.899994,192.690125,9386323
619,20200810,192.899994,198.300003,192.350006,195.699997,195.487076,4627306
620,20200811,196.0,199.800003,194.399994,195.850006,195.636932,2965963
621,20200812,195.800003,200.75,190.199997,197.699997,197.484894,3352636
622,20200813,198.899994,203.300003,197.75,200.75,200.531586,3552469
623,20200814,202.399994,204.5,191.449997,196.199997,195.986542,6617104
624,20200817,197.399994,201.649994,196.050003,197.800003,197.584793,3227005
625,20200818,200.0,216.800003,199.0,213.699997,213.467499,13367091
626,20200819,214.25,245.399994,214.25,239.550003,239.289383,19592028
627,20200820,241.199997,245.0,230.399994,234.0,233.745407,9484513
628,20200821,237.100006,244.5,231.100006,233.350006,233.09613,5797329
629,20200824,236.0,253.850006,235.0,248.699997,248.429413,11878911
630,20200825,252.0,322.399994,250.0,307.549988,307.215393,49264537
631,20200826,299.0,302.799988,278.25,285.549988,285.239319,26717004
632,20200827,284.899994,297.700012,283.700012,286.700012,286.388092,15748895
633,20200828,289.0,295.649994,286.5,288.25,287.936401,7256271
634,20200831,290.0,297.600006,270.25,279.549988,279.24585,15172187
635,20200901,279.950012,287.049988,271.549988,281.100006,280.794189,5169176
636,20200902,283.0,306.0,280.399994,293.049988,292.73114,17403674
637,20200903,294.75,298.700012,287.649994,291.25,290.933105,9061697
638,20200904,284.0,293.450012,280.100006,285.149994,284.839752,6719721
639,20200907,285.149994,291.700012,282.049988,285.25,284.939667,5812023
640,20200908,286.0,289.799988,273.549988,277.700012,277.397888,5660442
641,20200909,276.899994,286.899994,274.399994,283.049988,282.742035,6661093
642,20200910,287.649994,307.950012,285.899994,298.299988,297.975433,25430532
643,20200911,299.0,303.649994,292.100006,296.0,295.677948,9743753
644,20200914,301.799988,304.0,290.149994,293.149994,292.831055,6120182
645,20200915,294.899994,298.700012,270.0,288.549988,288.236053,2552460
646,20200916,292.700012,302.850006,290.100006,297.100006,296.776764,6159158
647,20200917,295.0,300.799988,292.149994,293.700012,293.380463,2466000
648,20200918,297.600006,299.700012,287.299988,291.549988,291.232788,2744172
649,20200921,293.0,296.25,265.0,277.100006,276.798523,6459206
650,20200922,278.25,283.0,257.5,280.399994,280.09491,12535965
651,20200923,283.950012,296.25,278.450012,283.549988,283.241516,8864848
652,20200924,277.950012,281.25,269.5,270.450012,270.155762,3689023
653,20200925,275.899994,283.600006,275.0,280.299988,279.995026,7663618
654,20200928,283.100006,302.049988,282.100006,295.700012,295.378296,5875621
655,20200929,299.899994,307.0,292.149994,297.899994,297.575897,10246726
656,20200930,300.0,304.700012,295.100006,297.100006,296.776764,5618023
657,20201001,299.799988,311.950012,296.0,308.149994,307.814728,6914312
658,20201005,311.5,334.5,307.350006,326.600006,326.244659,20009492
659,20201006,329.399994,331.149994,320.299988,327.149994,326.794067,7705557
660,20201007,325.149994,335.600006,323.25,330.100006,329.740875,8234005
661,20201008,329.0,329.799988,310.5,316.25,315.905945,4125845
662,20201009,318.799988,322.049988,310.5,313.0,312.659485,2468904
663,20201012,315.0,322.700012,313.0,315.350006,315.006897,2556329
664,20201013,315.5,316.799988,309.75,313.200012,312.859253,1454109
665,20201014,312.950012,315.700012,310.049988,313.399994,313.059021,1517470
666,20201015,315.0,325.850006,305.350006,307.100006,306.7659,4960658
667,20201016,309.25,313.950012,305.350006,307.0,306.665985,1871531
668,20201019,309.899994,319.25,309.350006,316.950012,316.605194,3329571
669,20201020,315.299988,327.850006,313.5,321.899994,321.549774,7198907
670,20201021,322.0,324.700012,306.0,312.0,311.660553,4998821
671,20201022,311.0,314.799988,309.0,311.5,311.161102,2380993
672,20201023,314.0,322.450012,313.299988,315.450012,315.106812,4159352
673,20201026,318.0,318.700012,305.049988,307.399994,307.065552,4397393
674,20201027,308.0,315.350006,303.0,314.049988,313.708313,3549135
675,20201028,313.799988,320.799988,309.850006,318.850006,318.503082,3098009
676,20201029,315.399994,332.350006,313.200012,328.899994,328.542145,6897070
677,20201030,331.049988,347.5,329.649994,339.700012,339.330414,14205844
678,20201102,339.100006,344.299988,333.049988,341.100006,340.728912,4272022
679,20201103,344.0,349.600006,340.149994,344.799988,344.424835,4078834
680,20201104,342.600006,359.5,337.5,351.850006,351.467194,9701398
681,20201105,353.0,354.950012,345.25,352.75,352.366241,5361436
682,20201106,352.0,353.850006,345.049988,352.100006,351.716949,3863486
683,20201109,354.0,364.700012,351.850006,357.899994,357.51062,6278843
684,20201110,358.100006,361.75,353.200012,359.5,359.108887,3590100
685,20201111,359.200012,362.700012,354.049988,360.100006,359.708221,2869576
686,20201112,358.200012,369.5,358.0,365.549988,365.152283,4199715
687,20201113,364.0,371.649994,362.049988,368.600006,368.198975,2786714
688,20201114,369.799988,372.850006,369.5,371.25,370.846069,620753
689,20201117,372.0,401.950012,371.0,394.299988,393.870972,10496968
690,20201118,393.950012,404.700012,387.399994,394.5,394.070801,8656493
691,20201119,390.0,398.5,377.799988,385.75,385.330292,7731483
692,20201120,385.100006,402.0,385.0,388.299988,387.877533,5490838
693,20201123,390.100006,413.700012,383.100006,409.049988,408.60495,7318547
694,20201124,409.899994,415.5,404.200012,407.200012,406.756989,6167783
695,20201125,408.950012,411.5,393.0,399.25,398.815643,3448648
696,20201126,402.799988,411.549988,399.149994,401.950012,401.512695,5490958
697,20201127,401.0,407.850006,396.299988,398.399994,397.966522,6429153
698,20201201,398.0,423.950012,395.100006,421.899994,421.440948,7846125
699,20201202,420.549988,461.899994,419.350006,453.75,453.256317,16821595
700,20201203,453.75,457.0,443.25,447.549988,447.06308,6848649
701,20201204,449.0,456.549988,442.0,445.950012,445.464844,4131360
702,20201207,446.0,466.350006,445.950012,457.549988,457.052185,5371039
703,20201208,457.549988,462.299988,446.549988,451.899994,451.408325,3872952
704,20201209,454.0,458.100006,447.299988,449.100006,448.611389,2798049
705,20201210,448.0,452.25,438.049988,447.25,446.763397,3113868
706,20201211,447.25,451.799988,440.399994,449.799988,449.310608,2940168
707,20201214,451.0,462.0,447.0,455.149994,454.654816,3762369
708,20201215,455.5,464.049988,446.549988,462.450012,461.946869,4779869
709,20201216,462.5,467.549988,457.549988,463.25,462.746002,4088505
710,20201217,463.399994,473.950012,455.100006,459.299988,458.800293,4912523
711,20201218,461.0,464.200012,450.799988,455.149994,454.654816,2159692
712,20201221,454.0,460.75,409.649994,429.200012,428.733063,5350194
713,20201222,428.200012,461.549988,418.100006,458.799988,458.300812,8342699
714,20201223,458.0,466.799988,454.200012,463.600006,463.095612,4604130
715,20201224,465.0,479.850006,462.399994,473.649994,473.134674,7985151
716,20201228,473.0,507.0,472.700012,490.850006,490.315979,13714406
717,20201229,492.0,499.149994,484.700012,489.200012,488.667786,5849496
718,20201230,489.200012,496.0,478.399994,484.149994,483.62323,5419517
719,20201231,481.0,484.0,435.75,479.549988,479.028229,7575962
720,20210101,477.0,493.25,477.0,491.149994,490.615631,5035248
721,20210104,492.0,502.600006,486.649994,494.5,493.961975,4936582
722,20210105,492.0,501.399994,489.600006,494.399994,493.862122,3654033
723,20210106,496.0,500.649994,484.25,490.899994,490.365906,3295461
724,20210107,493.899994,523.950012,493.799988,518.099976,517.536255,9879731
725,20210108,523.0,526.599976,514.099976,518.0,517.436401,3702267
726,20210111,520.599976,524.599976,510.5,519.150024,518.585205,4148831
727,20210112,519.0,536.599976,517.099976,525.400024,524.82843,4878024
728,20210113,529.099976,540.200012,521.299988,536.049988,535.466797,4948731
729,20210114,534.950012,541.0,528.400024,532.099976,531.521057,3161306
730,20210115,534.700012,537.5,518.799988,527.299988,526.726257,3376852
731,20210118,528.0,529.099976,502.049988,507.850006,507.297455,5204588
732,20210119,512.299988,532.0,512.299988,530.099976,529.523254,4181185
733,20210120,532.150024,552.150024,531.0,546.75,546.155151,6681731
734,20210121,551.400024,552.950012,531.549988,536.900024,536.315918,4208383
735,20210122,534.049988,546.75,521.599976,526.799988,526.226868,4179558
736,20210125,530.25,534.400024,509.0,513.900024,513.340942,3728411
737,20210127,513.099976,521.549988,507.049988,512.799988,512.242065,2792007
738,20210128,507.299988,519.5,501.350006,511.850006,511.293121,4197516
739,20210129,515.200012,525.200012,502.5,506.649994,506.098755,3822560
740,20210201,510.5,539.5,496.899994,537.200012,536.615601,4004036
741,20210202,542.049988,566.900024,540.799988,564.200012,563.586182,5144708
742,20210203,568.0,576.599976,558.349976,566.599976,565.983521,6087209
743,20210204,561.950012,611.700012,556.0,589.700012,589.058411,11184167
744,20210205,595.0,607.849976,588.599976,595.349976,594.702271,4754950
745,20210208,605.400024,638.0,603.549988,628.299988,627.616455,7085276
746,20210209,631.450012,641.900024,621.0,629.849976,629.164734,4510798
747,20210210,633.049988,654.900024,622.099976,650.700012,649.992065,5991927
748,20210211,654.0,661.0,645.349976,658.599976,657.883423,3688016
749,20210212,657.0,724.450012,655.200012,718.950012,718.167786,16810897
750,20210215,725.0,787.950012,707.650024,763.450012,762.619385,21579566
751,20210216,760.0,802.950012,756.25,780.200012,779.351196,19426061
752,20210217,787.150024,802.0,782.25,785.450012,784.595459,8908279
753,20210218,787.25,824.5,786.0,808.200012,807.320679,9694238
754,20210219,813.0,831.0,729.5,781.900024,781.049316,20210882
755,20210222,786.0,813.0,780.549988,805.900024,805.023193,10890564
756,20210223,814.799988,827.299988,789.0,799.650024,798.780029,9753081
757,20210224,806.0,812.049988,795.450012,805.200012,804.323975,4626257
758,20210225,814.0,862.400024,809.0,843.5,842.582336,12118095
759,20210226,833.900024,861.0,819.849976,833.650024,832.743042,11355426
760,20210301,840.75,860.950012,836.450012,851.5,850.573608,5996840
761,20210302,857.400024,876.5,852.25,872.549988,871.600647,5116413
762,20210303,880.450012,944.900024,872.849976,915.349976,914.354126,11670544
763,20210304,910.0,938.700012,905.400024,918.400024,917.400818,8141787
764,20210305,918.0,934.0,888.299988,909.900024,908.910095,7109101
765,20210308,918.099976,926.400024,905.099976,910.200012,909.209717,3904469
766,20210309,918.0,928.400024,893.599976,905.200012,904.215149,5561849
767,20210310,911.0,914.099976,888.700012,898.150024,897.172852,5465016
768,20210312,905.0,923.799988,889.299988,894.099976,893.127197,6049852
769,20210315,898.75,904.0,874.5,896.200012,895.224976,5234540
770,20210316,900.700012,904.400024,888.049988,897.799988,896.823242,2555026
771,20210317,898.0,905.400024,865.0,873.900024,872.949219,3886557
772,20210318,876.0,891.0,857.75,871.049988,870.102295,4465851
773,20210319,866.0,895.400024,840.200012,889.650024,888.682068,4794995
774,20210322,892.900024,1003.0,883.450012,991.049988,989.971741,22596465
775,20210323,999.0,1086.699951,991.049988,1058.400024,1057.248535,31098225
776,20210324,1063.0,1093.0,1018.400024,1025.449951,1024.334351,22877032
777,20210325,1032.949951,1041.449951,977.0,981.549988,980.482056,13139164
778,20210326,1000.0,1018.450012,978.0,988.299988,987.224731,9396506
779,20210330,1004.0,1042.449951,988.0,1031.550049,1030.427734,10470011
780,20210331,1038.0,1053.150024,1016.599976,1031.150024,1030.028198,6440569
781,20210401,1043.400024,1116.050049,1035.0,1107.199951,1105.995239,12713083
782,20210405,1127.0,1150.0,1098.849976,1138.25,1137.011597,15795720
783,20210406,1153.400024,1241.0,1142.5,1225.400024,1224.066772,21496457
784,20210407,1233.400024,1251.599976,1108.0,1165.550049,1164.28186,23007694
785,20210408,1162.5,1191.0,1137.75,1162.5,1161.235229,12404773
786,20210409,1163.400024,1228.0,1151.199951,1201.400024,1200.092896,12923020
787,20210412,1177.400024,1177.400024,1061.400024,1074.400024,1073.231201,13690016
788,20210413,1077.0,1116.300049,1051.050049,1106.349976,1105.14624,12137329
789,20210415,1095.0,1144.900024,1081.349976,1129.949951,1128.720581,9350889
790,20210416,1130.0,1192.0,1112.0,1159.0,1157.739014,10661068
791,20210419,1100.0,1153.0,1089.0,1136.349976,1135.113647,8565063
792,20210420,1156.849976,1177.699951,1125.050049,1142.75,1141.506714,8261172
793,20210422,1134.0,1169.0,1123.0,1157.800049,1156.540283,7124786
794,20210423,1161.0,1182.900024,1145.650024,1157.599976,1156.340576,6167151
795,20210426,1160.0,1197.900024,1160.0,1173.349976,1172.073364,6939823
796,20210427,1184.699951,1213.5,1181.0,1191.150024,1189.854004,7109421
797,20210428,1207.949951,1213.949951,1180.75,1185.199951,1183.910522,5020151
798,20210429,1196.550049,1212.650024,1178.0,1182.300049,1181.013672,4070698
799,20210430,1171.0,1200.949951,1143.0,1158.699951,1157.439331,4232500
800,20210503,1145.099976,1264.400024,1122.650024,1255.550049,1254.18396,11276228
801,20210504,1285.0,1298.949951,1241.849976,1262.5,1261.126343,10271516
802,20210505,1274.400024,1288.25,1240.25,1267.5,1266.120972,7805805
803,20210506,1272.349976,1311.849976,1263.0,1286.75,1285.350098,6240535
804,20210507,1305.0,1322.400024,1290.449951,1298.900024,1297.486938,4584524
805,20210510,1294.900024,1314.0,1286.300049,1304.099976,1302.68103,3892338
806,20210511,1292.0,1326.0,1284.0,1303.5,1302.081909,4744734
807,20210512,1311.0,1328.5,1278.599976,1285.800049,1284.401123,4143731
808,20210514,1300.0,1302.0,1213.349976,1220.349976,1219.022339,6377643
809,20210517,1230.0,1299.0,1227.449951,1289.099976,1287.69751,7782732
810,20210518,1314.949951,1344.949951,1302.0,1326.699951,1325.256592,6531595
811,20210519,1350.0,1351.550049,1283.900024,1294.699951,1293.29126,9925284
812,20210520,1301.300049,1320.0,1283.949951,1302.0,1300.583496,5837747
813,20210521,1320.0,1336.0,1300.050049,1315.099976,1313.669189,8314215
814,20210524,1321.699951,1328.650024,1303.0,1306.800049,1305.378296,7913411
815,20210525,1314.349976,1322.0,1272.900024,1282.75,1281.35437,3697062
816,20210526,1288.949951,1326.849976,1254.25,1322.800049,1321.36084,5630730
817,20210527,1329.5,1342.0,1304.25,1325.800049,1324.357544,36690935
818,20210528,1311.599976,1330.449951,1298.0,1302.599976,1301.182861,2979585
819,20210531,1307.050049,1321.5,1292.0,1316.300049,1314.86792,2709718
820,20210601,1319.900024,1430.0,1309.050049,1416.25,1414.709106,10018645
821,20210602,1425.550049,1557.0,1413.0,1546.75,1545.067139,24541949
822,20210603,1564.0,1623.800049,1553.0,1583.099976,1581.377563,19107244
823,20210604,1605.0,1713.550049,1585.800049,1700.949951,1699.099365,21102075
824,20210607,1715.0,1717.199951,1613.0,1624.300049,1622.532837,15350263
825,20210608,1633.0,1668.0,1602.449951,1636.449951,1634.669434,12410257
826,20210609,1640.0,1649.449951,1571.849976,1594.650024,1592.915161,11614666
827,20210610,1612.0,1630.0,1591.0,1612.0,1610.246094,5362307
828,20210611,1615.099976,1620.099976,1575.25,1601.599976,1599.857544,5355387
829,20210614,1441.449951,1529.949951,1201.199951,1501.449951,1499.816406,43530006
830,20210615,1550.949951,1572.599976,1477.199951,1538.849976,1537.175781,22320542
831,20210616,1510.0,1538.199951,1409.300049,1448.300049,1446.724365,12626149
832,20210617,1380.0,1436.0,1303.5,1367.699951,1366.211914,27926070
833,20210618,1350.0,1504.0,1332.550049,1487.5,1485.881714,30526777
834,20210621,1490.0,1582.0,1444.849976,1540.0,1538.324585,21101083
835,20210622,1554.050049,1582.0,1531.800049,1541.599976,1539.922729,12069983
836,20210623,1560.099976,1569.949951,1481.300049,1504.75,1503.112915,12679703
837,20210624,1509.949951,1519.0,1488.050049,1508.5,1506.858765,7261764
838,20210625,1525.0,1534.0,1501.0,1519.449951,1517.796753,4962963
839,20210628,1524.900024,1565.0,1518.199951,1525.75,1524.089966,6178022
840,20210629,1526.0,1548.699951,1513.0,1523.550049,1521.892456,5551918
841,20210630,1539.0,1539.0,1502.699951,1507.550049,1505.909912,3256147
842,20210701,1509.550049,1522.550049,1482.900024,1490.25,1489.616821,3759914
843,20210702,1490.25,1507.699951,1411.550049,1422.050049,1421.445801,6653653
844,20210705,1427.0,1443.949951,1350.599976,1394.349976,1393.757446,12239845
845,20210706,1400.900024,1444.150024,1378.75,1414.800049,1414.198853,9485434
846,20210707,1420.0,1437.099976,1385.0,1425.650024,1425.044189,5549751
847,20210708,1420.0,1445.0,1411.800049,1425.900024,1425.294189,3898830
848,20210709,1425.900024,1456.599976,1416.449951,1431.349976,1430.741821,4502324
849,20210712,1442.0,1447.0,1414.150024,1420.699951,1420.096313,2557189
850,20210713,1433.0,1433.0,1385.199951,1417.699951,1417.097534,4157955
851,20210714,1449.0,1449.0,1397.800049,1402.050049,1401.454346,3859529
852,20210715,1399.0,1429.0,1393.400024,1407.949951,1407.351685,2728305
853,20210716,1409.0,1415.0,1388.25,1395.5,1394.906982,2134914
854,20210719,1390.0,1412.650024,1332.75,1380.599976,1380.013306,6190302
855,20210720,1340.0,1382.900024,1336.099976,1365.699951,1365.119629,4529933
856,20210722,1375.0,1424.900024,1340.5,1416.75,1416.147949,5009804
857,20210723,1430.0,1434.849976,1386.199951,1401.650024,1401.054443,4694140
858,20210726,1399.800049,1416.800049,1392.0,1403.900024,1403.303467,2054318
859,20210727,1403.900024,1424.599976,1378.150024,1396.75,1396.156494,2978042
860,20210728,1406.849976,1424.800049,1378.599976,1399.900024,1399.305176,3188606
861,20210729,1413.949951,1425.0,1397.0,1400.25,1399.655029,2538248
862,20210730,1409.5,1449.5,1400.25,1420.25,1419.646484,4403219
863,20210802,1435.0,1445.0,1424.099976,1438.199951,1437.588867,2483790
864,20210803,1467.0,1467.0,1422.199951,1442.800049,1442.187012,4442122
865,20210804,1460.0,1460.0,1423.050049,1429.550049,1428.942627,3341801
866,20210805,1428.0,1438.0,1407.400024,1432.349976,1431.741333,2104359
867,20210806,1422.0,1555.0,1422.0,1536.650024,1535.99707,14250256
868,20210809,1546.699951,1565.0,1482.5,1493.400024,1492.765503,6031426
869,20210810,1488.0,1498.650024,1426.050049,1446.5,1445.885376,3581449
870,20210811,1455.0,1456.599976,1407.0,1437.050049,1436.439453,3197412
871,20210812,1443.599976,1458.0,1430.25,1442.900024,1442.286865,2455443
872,20210813,1445.0,1454.0,1428.0,1437.0,1436.389404,2095991
873,20210816,1431.5,1449.699951,1413.550049,1430.099976,1429.49231,1909352
874,20210817,1431.0,1451.0,1416.199951,1441.650024,1441.037476,3062815
875,20210818,1441.900024,1496.800049,1432.599976,1460.0,1459.379639,4738820
876,20210820,1438.0,1482.650024,1411.0,1430.099976,1429.49231,4933377
877,20210823,1415.050049,1427.75,1361.550049,1396.699951,1396.106445,4866080
878,20210824,1407.0,1448.400024,1390.0,1437.800049,1437.189087,3362312
879,20210825,1444.25,1481.800049,1425.0,1475.349976,1474.723022,5361140
880,20210826,1482.0,1494.650024,1460.400024,1475.699951,1475.072876,4678919
881,20210827,1475.0,1515.0,1474.099976,1506.050049,1505.410156,5164477
882,20210830,1513.75,1527.0,1493.300049,1516.550049,1515.90564,3149863
883,20210831,1517.300049,1596.849976,1512.800049,1587.599976,1586.925415,7234384
884,20210901,1594.900024,1600.849976,1561.5,1565.199951,1564.534912,3056760
885,20210902,1571.0,1594.300049,1565.5,1570.550049,1569.88269,2171898
886,20210903,1578.5,1581.400024,1551.550049,1565.550049,1564.884766,1687999
887,20210906,1572.0,1628.449951,1566.050049,1582.0,1581.327759,5562312
888,20210907,1585.099976,1592.349976,1553.0,1558.099976,1557.437866,1651169
889,20210908,1559.900024,1579.0,1538.25,1555.949951,1555.288818,2084219
890,20210909,1561.599976,1565.5,1535.050049,1545.0,1544.343506,1243149
891,20210913,1548.0,1557.0,1525.25,1532.449951,1531.798828,1759456
892,20210914,1539.900024,1547.25,1497.050049,1513.199951,1512.557007,7143757
893,20210915,1524.0,1545.599976,1496.900024,1516.800049,1516.155518,12834337
894,20210916,1523.0,1535.0,1499.75,1503.199951,1502.561157,7616906
895,20210917,1503.199951,1525.0,1465.75,1480.25,1479.620972,3329954
896,20210920,1464.900024,1488.5,1409.949951,1418.849976,1418.24707,2273312
897,20210921,1420.0,1446.949951,1381.349976,1441.449951,1440.837402,2682157
898,20210922,1435.0,1462.650024,1424.349976,1437.75,1437.139038,1663858
899,20210923,1453.0,1480.0,1441.099976,1474.349976,1473.723511,1622616
900,20210924,1483.0,1516.0,1455.0,1461.699951,1461.078857,2760295
901,20210927,1462.0,1544.0,1462.0,1531.25,1530.599365,4737676
902,20210928,1557.0,1557.900024,1475.0,1487.300049,1486.668091,3547971
903,20210929,1466.300049,1498.0,1464.300049,1485.650024,1485.018799,1764350
904,20210930,1484.699951,1519.0,1463.349976,1468.099976,1467.476196,2072145
905,20211001,1465.0,1468.75,1422.650024,1458.699951,1458.080078,2311858
906,20211004,1471.0,1531.0,1460.099976,1526.650024,1526.001343,3209302
907,20211005,1515.0,1557.849976,1512.349976,1527.650024,1527.000854,2544835
908,20211006,1529.800049,1541.0,1472.0,1479.550049,1478.921387,1777998
909,20211007,1502.849976,1535.75,1490.0,1520.75,1520.10376,1919106
910,20211008,1522.0,1569.449951,1511.449951,1547.900024,1547.24231,2646112
911,20211011,1553.0,1563.699951,1532.150024,1539.75,1539.095703,1910095
912,20211012,1539.0,1566.900024,1514.5,1554.449951,1553.789429,1900749
913,20211013,1568.449951,1608.300049,1551.300049,1569.699951,1569.032959,3923958
914,20211014,1580.0,1656.0,1574.800049,1646.349976,1645.650391,5256882
915,20211018,1672.949951,1672.949951,1608.550049,1615.5,1614.813599,3791222
916,20211019,1625.199951,1637.0,1562.050049,1569.449951,1568.783081,1822638
917,20211020,1574.0,1607.349976,1539.099976,1589.699951,1589.024414,2768997
918,20211021,1601.949951,1626.849976,1581.699951,1595.050049,1594.372314,3129269
919,20211022,1595.050049,1608.800049,1537.0,1543.0,1542.34436,2580699
920,20211025,1545.0,1551.400024,1494.050049,1532.199951,1531.548828,2276050
921,20211026,1532.0,1557.25,1520.900024,1543.849976,1543.19397,1661783
922,20211027,1548.0,1581.150024,1540.0,1566.550049,1565.884399,2121282
923,20211028,1550.0,1566.900024,1367.699951,1398.550049,1397.955811,7093354
924,20211029,1400.0,1454.800049,1377.75,1423.599976,1422.995117,3165141
925,20211101,1436.0,1457.0,1411.199951,1445.300049,1444.685913,1543436
926,20211102,1455.0,1489.0,1452.800049,1472.800049,1472.174194,1667692
927,20211103,1474.0,1501.0,1464.449951,1485.900024,1485.268677,1710819
928,20211104,1495.0,1511.5,1483.0,1489.449951,1488.817017,272261
929,20211108,1495.0,1575.150024,1485.650024,1568.25,1567.583618,2565017
930,20211109,1555.0,1659.0,1554.949951,1635.449951,1634.755005,4713708
931,20211110,1625.550049,1686.0,1620.400024,1655.849976,1655.146362,3728328
932,20211111,1650.0,1704.0,1640.849976,1664.900024,1664.192627,4470709
933,20211112,1678.300049,1719.5,1670.099976,1705.199951,1704.475342,5349189
934,20211115,1713.75,1764.0,1691.800049,1749.550049,1748.806641,3997553
935,20211116,1759.449951,1766.550049,1706.900024,1711.599976,1710.872681,2172117
936,20211117,1714.0,1729.699951,1682.5,1706.449951,1705.724854,1476385
937,20211118,1708.0,1714.0,1640.0,1688.75,1688.032471,2255988
938,20211122,1691.400024,1701.400024,1610.050049,1675.75,1675.037964,2552170
939,20211123,1660.150024,1720.349976,1650.0,1707.949951,1707.224243,2472589
940,20211124,1721.599976,1788.900024,1712.449951,1755.150024,1754.404175,4562858
941,20211125,1762.949951,1773.699951,1735.550049,1763.050049,1762.300903,2341862
942,20211126,1740.0,1768.550049,1660.849976,1669.550049,1668.840576,3510810
943,20211129,1655.0,1697.0,1609.849976,1665.050049,1664.342529,2119826
944,20211130,1668.0,1718.650024,1648.150024,1662.849976,1662.143433,2952368
945,20211201,1694.0,1705.0,1652.349976,1693.300049,1692.580566,2476360
946,20211202,1692.5,1735.0,1687.650024,1732.25,1731.513916,2159661
947,20211203,1734.0,1745.0,1701.099976,1708.099976,1707.374146,1544077
948,20211206,1710.0,1727.949951,1640.0,1645.599976,1644.900757,1574680
949,20211207,1658.900024,1686.699951,1654.0,1678.449951,1677.736694,1476012
950,20211208,1679.800049,1726.400024,1679.050049,1715.5,1714.770996,1406394
951,20211209,1725.0,1739.25,1706.599976,1722.25,1721.518188,1306393
952,20211210,1710.599976,1788.0,1710.599976,1740.400024,1739.660522,2708578
953,20211213,1755.0,1762.199951,1711.099976,1719.550049,1718.819336,1104594
954,20211214,1712.0,1727.900024,1683.0,1720.099976,1719.369019,1198653
955,20211215,1720.0,1727.0,1687.050049,1695.300049,1694.579712,866378
956,20211216,1707.300049,1719.849976,1687.0,1702.050049,1701.326782,751885
957,20211217,1698.949951,1702.0,1640.0,1645.300049,1644.600952,1215873
958,20211220,1629.0,1629.0,1555.199951,1589.949951,1589.274292,1945211
959,20211221,1621.099976,1645.900024,1602.900024,1620.5,1619.811401,1563851
960,20211222,1631.25,1663.449951,1627.0,1658.099976,1657.395386,993006
961,20211223,1674.699951,1684.199951,1658.199951,1676.199951,1675.487671,979023
962,20211224,1680.0,1703.949951,1658.199951,1698.199951,1697.478394,1234386
963,20211227,1694.75,1738.0,1686.050049,1730.199951,1729.464722,1672655
964,20211228,1740.0,1760.0,1728.099976,1751.0,1750.255981,1552918
965,20211229,1751.0,1755.0,1709.400024,1718.050049,1717.320068,1100579
966,20211230,1714.0,1725.0,1685.0,1696.400024,1695.679199,1359574
967,20211231,1694.949951,1725.0,1691.050049,1709.449951,1708.723511,1310960
968,20220103,1713.0,1733.0,1711.199951,1717.150024,1716.42041,1094708
969,20220104,1725.75,1728.0,1700.0,1719.0,1718.269531,1191189
970,20220105,1722.0,1744.650024,1702.550049,1715.449951,1714.721069,1583598
971,20220106,1710.0,1723.849976,1675.599976,1713.099976,1712.37207,1615375
972,20220107,1719.900024,1730.800049,1689.5,1699.099976,1698.378052,1295933
973,20220110,1707.550049,1766.0,1699.099976,1752.599976,1751.855225,1670551
974,20220111,1758.0,1850.0,1737.0,1843.900024,1843.116455,5126019
975,20220112,1873.0,1873.0,1808.300049,1830.099976,1829.322388,2518912
976,20220113,1834.0,1863.0,1808.0,1853.349976,1852.5625,1881069
977,20220114,1850.0,1890.449951,1831.099976,1870.25,1869.455322,2357616
978,20220117,1876.0,1901.400024,1855.650024,1877.800049,1877.002075,1700525
979,20220118,1885.0,1908.5,1830.050049,1840.949951,1840.167725,2294146
980,20220119,1839.800049,1857.0,1811.25,1849.300049,1848.514282,1544606
981,20220120,1855.0,1880.349976,1843.699951,1865.849976,1865.057129,1252017
982,20220121,1860.849976,1873.0,1810.75,1828.349976,1827.57312,1929667
983,20220124,1822.0,1827.449951,1696.550049,1715.800049,1715.070923,2381112
984,20220125,1668.0,1750.550049,1668.0,1741.400024,1740.660034,1817963
985,20220127,1718.0,1725.550049,1654.5,1686.0,1685.283569,3549583
986,20220128,1702.5,1744.099976,1683.949951,1693.699951,1692.980225,1624750
987,20220131,1708.949951,1734.0,1705.0,1714.949951,1714.221191,1024738
988,20220201,1727.949951,1765.099976,1699.150024,1746.900024,1746.157715,1574361
989,20220202,1755.0,1786.0,1747.0,1779.349976,1778.593872,1405276
990,20220203,1771.949951,1787.0,1746.400024,1751.849976,1751.105591,588866
991,20220204,1758.0,1770.0,1733.699951,1757.300049,1756.553345,855996
992,20220207,1765.0,1765.5,1722.099976,1731.800049,1731.064209,854871
993,20220208,1739.400024,1747.0,1677.050049,1716.0,1715.270874,1480201
994,20220209,1724.599976,1791.900024,1718.099976,1783.150024,1782.392334,1674022
995,20220210,1799.0,1809.0,1766.0,1786.099976,1785.341064,1747943
996,20220211,1764.0,1774.900024,1743.349976,1764.300049,1763.550415,1196002
997,20220214,1736.300049,1737.900024,1653.0,1663.949951,1663.24292,1919476
998,20220215,1636.0,1751.400024,1627.849976,1744.25,1743.508789,2261554
999,20220216,1744.25,1776.0,1730.0,1738.099976,1737.36145,1663614
1000,20220217,1750.0,1762.0,1724.0,1730.949951,1730.214478,1075487
1001,20220218,1739.0,1754.599976,1725.0,1736.300049,1735.562256,945100
1002,20220221,1738.800049,1738.800049,1671.300049,1685.199951,1684.483887,1449291
1003,20220222,1636.099976,1678.900024,1630.0,1667.699951,1666.991333,1717579
1004,20220223,1682.0,1717.5,1670.0,1688.699951,1687.982422,1285012
1005,20220224,1626.0,1648.599976,1528.800049,1543.949951,1543.293945,2798065
1006,20220225,1594.0,1638.099976,1578.800049,1618.699951,1618.012085,1741584
1007,20220228,1603.75,1651.099976,1592.25,1644.449951,1643.751221,1869037
1008,20220302,1638.0,1664.25,1615.5,1641.800049,1641.102417,1249817
1009,20220303,1670.0,1678.199951,1634.949951,1643.800049,1643.101563,1333325
1010,20220304,1621.800049,1655.5,1601.199951,1615.0,1614.313721,1433490
1011,20220307,1590.0,1592.0,1539.300049,1564.050049,1563.385498,1508821
1012,20220308,1574.900024,1607.400024,1553.400024,1601.599976,1600.919434,1396347
1013,20220309,1609.599976,1669.949951,1608.0,1656.550049,1655.846191,1498176
1014,20220310,1682.0,1749.599976,1678.25,1742.849976,1742.109375,2294474
1015,20220311,1750.0,1757.0,1721.199951,1734.099976,1733.363159,1354129
1016,20220314,1732.0,1752.449951,1722.449951,1736.099976,1735.362305,659190
1017,20220315,1740.0,1754.199951,1686.650024,1701.400024,1700.677002,1085901
1018,20220316,1724.0,1764.0,1718.650024,1758.0,1757.25293,1269866
1019,20220317,1775.599976,1823.599976,1760.0,1819.650024,1818.876831,2392329
1020,20220321,1836.050049,1841.900024,1796.150024,1802.949951,1802.183838,1081052
1021,20220322,1802.949951,1837.0,1790.0,1831.550049,1830.771729,964066
1022,20220323,1848.050049,1848.050049,1800.849976,1811.0,1810.230469,1553366
1023,20220324,1815.0,1839.550049,1800.150024,1832.800049,1832.02124,1030145
1024,20220325,1835.550049,1878.0,1822.0,1867.0,1866.206665,1366115
1025,20220328,1876.900024,1924.400024,1851.050049,1909.699951,1908.888428,1895438
1026,20220329,1919.25,1930.900024,1885.5,1917.25,1916.435303,1715098
1027,20220330,1927.699951,2015.0,1917.300049,1995.25,1994.402222,3215951
1028,20220331,2005.0,2042.0,1991.0,2014.75,2013.893921,2786973
1029,20220401,2018.0,2049.0,2013.050049,2043.650024,2042.781616,1267111
1030,20220404,2050.0,2075.5,2032.0,2065.850098,2064.972168,1334265
1031,20220405,2078.0,2189.800049,2067.600098,2139.850098,2138.940918,4970260
1032,20220406,2153.75,2182.850098,2124.199951,2160.0,2159.082275,2259018
1033,20220407,2165.949951,2214.949951,2081.25,2099.050049,2098.158203,3499044
1034,20220408,2115.0,2176.0,2105.25,2170.949951,2170.027588,1924054
1035,20220411,2181.850098,2200.0,2158.5,2180.199951,2179.273438,1615715
1036,20220412,2188.0,2219.0,2155.0,2196.949951,2196.016357,2632324
1037,20220413,2210.0,2217.149902,2173.449951,2199.449951,2198.515381,992512
1038,20220418,2179.800049,2240.0,2156.75,2233.850098,2232.900879,1747434
1039,20220419,2245.0,2255.0,2140.100098,2168.300049,2167.378662,1639219
1040,20220420,2178.0,2207.949951,2161.899902,2183.949951,2183.021973,1119025
1041,20220421,2216.0,2293.550049,2203.899902,2286.350098,2285.378662,2243636
1042,20220422,2297.0,2306.0,2265.0,2273.300049,2272.333984,1786042
1043,20220425,2259.949951,2295.0,2242.600098,2284.199951,2283.229248,1683622
1044,20220426,2297.0,2413.899902,2295.100098,2395.300049,2394.282227,3199358
1045,20220427,2404.949951,2420.949951,2325.0,2334.100098,2333.108398,2559876
1046,20220428,2359.850098,2389.899902,2336.300049,2378.550049,2377.539307,1679893
1047,20220429,2389.0,2394.149902,2301.5,2332.0,2331.009033,1916180
1048,20220502,2325.0,2362.300049,2311.0,2339.5,2338.505859,1006544
1049,20220504,2358.699951,2362.899902,2233.050049,2253.800049,2252.842285,1744686
1050,20220505,2270.0,2303.800049,2236.0,2255.399902,2254.44165,1636796
1051,20220506,2210.0,2262.0,2200.0,2247.699951,2246.744873,1161579
1052,20220509,2229.5,2244.199951,2180.0,2197.649902,2196.716064,1450886
1053,20220510,2190.0,2220.0,2097.5,2109.5,2108.603516,1471866
1054,20220511,2109.600098,2157.75,2077.0,2119.300049,2118.399414,1397917
1055,20220512,2103.0,2113.600098,2011.050049,2045.199951,2044.330933,1553685
1056,20220513,2084.5,2135.0,2035.300049,2054.149902,2053.2771,1547617
1057,20220516,2082.649902,2141.949951,2057.649902,2105.899902,2105.005127,1742552
1058,20220517,2133.050049,2192.25,2119.399902,2184.850098,2183.921631,1061085
1059,20220518,2199.699951,2216.899902,2172.0,2181.100098,2180.17334,1296983
1060,20220519,2145.0,2154.75,2097.600098,2114.75,2113.851318,986930
1061,20220520,2159.0,2232.399902,2151.0,2219.550049,2218.606934,1444803
1062,20220523,2231.75,2245.0,2155.649902,2170.649902,2169.727539,1455450
1063,20220524,2161.0,2178.899902,2142.550049,2160.199951,2159.281982,1008943
1064,20220525,2168.0,2181.449951,2066.199951,2074.149902,2073.268555,1382448
1065,20220526,2077.0,2088.0,1906.199951,2046.400024,2045.530518,4967514
1066,20220527,2080.0,2094.300049,2047.699951,2080.149902,2079.266113,1354005
1067,20220530,2120.0,2175.0,2102.0,2165.649902,2164.729736,1384584
1068,20220531,2160.0,2225.800049,2150.399902,2167.550049,2166.628906,2861556
1069,20220601,2169.949951,2189.300049,2126.0,2150.899902,2149.98584,1448212
1070,20220602,2155.0,2218.0,2142.300049,2209.399902,2208.461182,1855167
1071,20220603,2235.0,2242.25,2176.050049,2190.0,2189.069336,1651685
1072,20220606,2188.5,2230.0,2168.199951,2225.050049,2224.104492,1664487
1073,20220607,2210.0,2254.699951,2207.050049,2227.550049,2226.603516,2046676
1074,20220608,2244.949951,2244.949951,2158.550049,2177.199951,2176.274902,1530739
1075,20220609,2160.300049,2224.0,2155.0,2219.199951,2218.25708,1440385
1076,20220610,2190.0,2215.0,2171.0,2203.100098,2202.164063,1305761
1077,20220613,2172.5,2172.5,2066.75,2079.75,2078.866211,1764172
1078,20220614,2274.0,2274.0,2053.100098,2196.449951,2195.516602,6515102
1079,20220615,2218.399902,2219.699951,2174.199951,2184.600098,2183.671875,1313510
1080,20220616,2205.0,2217.300049,2076.050049,2083.0,2082.11499,2131789
1081,20220617,2062.0,2137.399902,2060.149902,2095.800049,2094.909424,2280135
1082,20220620,2107.300049,2123.300049,2025.0,2079.850098,2078.966309,2603594
1083,20220621,2100.0,2177.0,2091.649902,2161.800049,2160.881348,1331500
1084,20220622,2149.949951,2149.949951,2077.100098,2089.199951,2088.312256,1774137
1085,20220623,2105.0,2128.0,2080.0,2110.350098,2109.453369,1026783
1086,20220624,2121.0,2168.0,2108.600098,2161.449951,2160.531494,1156536
1087,20220627,2189.0,2211.0,2169.350098,2181.600098,2180.673096,1202504
1088,20220628,2170.0,2210.25,2160.0,2204.600098,2203.66333,1282047
1089,20220629,2185.0,2247.800049,2177.199951,2220.100098,2219.156738,1692493
1090,20220630,2220.0,2248.5,2180.5,2190.899902,2189.968994,1568415
1091,20220701,2189.899902,2242.0,2138.25,2232.199951,2231.251465,2141743
1092,20220704,2232.199951,2277.0,2228.350098,2261.850098,2260.888916,1581159
1093,20220705,2264.0,2290.699951,2238.0,2246.449951,2245.495361,1356776
1094,20220706,2245.0,2277.0,2236.5,2272.850098,2271.884277,1045463
1095,20220707,2280.0,2294.949951,2256.0,2274.300049,2273.33374,946131
1096,20220708,2286.0,2303.600098,2263.899902,2293.050049,2292.075684,898576
1097,20220711,2293.050049,2384.600098,2291.050049,2373.25,2372.241455,1967308
1098,20220712,2364.399902,2389.800049,2350.149902,2365.649902,2364.644775,1273008
1099,20220713,2373.5,2384.649902,2333.699951,2353.5,2352.5,982185
1100,20220714,2365.0,2404.0,2336.5,2383.100098,2383.100098,933554
1101,20220715,2414.5,2422.949951,2377.0,2405.25,2405.25,1169788
1102,20220718,2424.0,2441.850098,2406.050049,2423.600098,2423.600098,937204
1103,20220719,2406.949951,2459.300049,2405.0,2451.300049,2451.300049,843301
1104,20220720,2462.0,2472.800049,2444.0,2451.100098,2451.100098,693601
1105,20220721,2453.800049,2498.949951,2451.25,2495.5,2495.5,1314165
1106,20220722,2505.5,2514.050049,2483.100098,2499.399902,2499.399902,833522
1107,20220725,2505.0,2562.149902,2500.0,2550.600098,2550.600098,1220351
1108,20220726,2555.0,2568.600098,2533.0,2559.699951,2559.699951,865142
1109,20220727,2560.0,2572.5,2528.0,2548.699951,2548.699951,953588
1110,20220728,2559.899902,2565.649902,2531.600098,2550.399902,2550.399902,759442
1111,20220729,2565.0,2622.0,2560.0,2569.199951,2569.199951,1107195
1112,20220801,2575.850098,2669.399902,2569.199951,2660.149902,2660.149902,1267039
1113,20220802,2660.0,2697.0,2640.0,2683.649902,2683.649902,1096480
1114,20220803,2685.0,2717.0,2671.199951,2711.399902,2711.399902,815831
1115,20220804,2725.0,2743.899902,2684.25,2723.600098,2723.600098,1223799
1116,20220805,2760.0,2767.649902,2685.0,2698.399902,2698.399902,1639981
1117,20220808,2700.0,2807.649902,2695.649902,2791.899902,2791.899902,1581696
1118,20220810,2801.75,2834.899902,2781.550049,2827.199951,2827.199951,1304663
1119,20220811,2841.0,2848.399902,2815.100098,2834.050049,2834.050049,978616
1120,20220812,2840.0,2871.149902,2834.050049,2864.550049,2864.550049,843025
1121,20220816,2879.0,2986.0,2871.0,2975.850098,2975.850098,1969492
1122,20220817,2986.0,3028.550049,2980.0,3008.649902,3008.649902,1510171
1123,20220818,3005.0,3186.0,3004.0,3153.649902,3153.649902,3502295
1124,20220819,3178.0,3258.899902,3075.25,3130.199951,3130.199951,6109949
1125,20220822,3134.0,3191.800049,3029.199951,3051.600098,3051.600098,3473580
1126,20220823,3032.649902,3074.0,2927.399902,3030.649902,3030.649902,4169136
1127,20220824,3038.0,3153.0,2986.0,3134.649902,3134.649902,3475387
1128,20220825,3167.0,3177.800049,3055.699951,3066.350098,3066.350098,3119494
1129,20220826,3080.0,3172.949951,3078.0,3139.550049,3139.550049,2897602
1130,20220829,3055.0,3166.449951,3037.850098,3142.600098,3142.600098,1924984
1131,20220830,3165.0,3263.100098,3161.0,3194.350098,3194.350098,4392183
1132,20220901,3200.0,3245.0,3184.399902,3233.25,3233.25,1880363
1133,20220902,3261.0,3369.399902,3225.0,3355.800049,3355.800049,4835905
1134,20220905,3374.100098,3431.800049,3313.0,3346.550049,3346.550049,3686950
1135,20220906,3370.0,3447.600098,3355.0,3435.800049,3435.800049,2580772
1136,20220907,3435.800049,3487.949951,3406.100098,3473.75,3473.75,2188110
1137,20220908,3499.0,3501.5,3450.0,3462.800049,3462.800049,1560414
1138,20220909,3479.0,3507.949951,3415.149902,3451.199951,3451.199951,1614634
1139,20220912,3465.0,3495.5,3457.899902,3463.800049,3463.800049,1647756
1140,20220913,3478.0,3568.899902,3421.300049,3555.800049,3555.800049,3479669
1141,20220914,3518.0,3608.0,3511.0,3572.100098,3572.100098,2740337
1142,20220915,3590.0,3767.949951,3575.0,3748.699951,3748.699951,4716688
1143,20220916,3755.0,3866.949951,3614.600098,3702.199951,3702.199951,5687429
1144,20220919,3718.949951,3801.949951,3680.75,3778.649902,3778.649902,3092486
1145,20220920,3819.0,3885.0,3812.0,3834.550049,3834.550049,3338704
1146,20220921,3837.649902,3862.800049,3571.25,3640.100098,3640.100098,6089846
1147,20220922,3639.0,3735.949951,3608.050049,3716.300049,3716.300049,3490772
1148,20220923,3732.0,3737.899902,3655.0,3674.300049,3674.300049,3001474
1149,20220926,3646.300049,3658.0,3532.0,3586.199951,3586.199951,3123908
1150,20220927,3596.0,3629.550049,3485.850098,3559.100098,3559.100098,3546332
1151,20220928,3528.0,3596.949951,3503.0,3548.75,3548.75,2259832
1152,20220929,3583.5,3664.75,3443.600098,3470.699951,3470.699951,15060223
1153,20220930,3447.949951,3523.800049,3371.100098,3455.75,3455.75,4307707
1154,20221003,3440.0,3460.050049,3110.199951,3157.300049,3157.300049,7578847
1155,20221004,3230.0,3291.199951,3125.0,3237.699951,3237.699951,5642467
1156,20221006,3270.0,3318.800049,3208.050049,3285.0,3285.0,2845165
1157,20221007,3280.0,3310.949951,3228.149902,3277.600098,3277.600098,1930275
1158,20221010,3234.0,3278.75,3214.350098,3246.25,3246.25,1590792
1159,20221011,3257.550049,3338.0,3249.0,3273.949951,3273.949951,2544394
1160,20221012,3297.0,3297.0,3145.0,3223.649902,3223.649902,2972601
1161,20221013,3218.0,3262.800049,3189.0,3233.649902,3233.649902,1840193
1162,20221014,3272.0,3305.0,3194.850098,3209.5,3209.5,1344415
1163,20221017,3211.0,3235.0,3136.100098,3212.600098,3212.600098,1985298
1164,20221018,3249.0,3298.0,3226.100098,3284.300049,3284.300049,1635079
1165,20221019,3300.0,3310.0,3259.649902,3277.25,3277.25,1396513
1166,20221020,3260.0,3365.0,3245.0,3357.100098,3357.100098,2211287
1167,20221021,3374.899902,3382.0,3287.0,3311.899902,3311.899902,1120790
1168,20221024,3325.0,3340.100098,3287.399902,3309.800049,3309.800049,248249
1169,20221025,3321.949951,3345.0,3294.0,3300.5,3300.5,879424
1170,20221027,3319.850098,3355.0,3297.0,3325.0,3325.0,1106870
1171,20221028,3322.0,3387.949951,3297.649902,3323.300049,3323.300049,1323334
1172,20221031,3339.949951,3360.0,3326.100098,3347.449951,3347.449951,575722
1173,20221101,3361.899902,3607.449951,3352.0,3575.699951,3575.699951,4393335
1174,20221102,3580.0,3625.149902,3526.0,3580.699951,3580.699951,2534755
1175,20221103,3550.0,3614.699951,3542.449951,3590.399902,3590.399902,1275216
1176,20221104,3642.0,3849.800049,3566.75,3833.25,3833.25,6112097
1177,20221107,3852.449951,4013.699951,3820.0,3960.600098,3960.600098,5985652
1178,20221109,3977.0,4048.0,3943.050049,3997.199951,3997.199951,3732472
1179,20221110,3995.0,4030.0,3962.149902,3992.25,3992.25,2313795
1180,20221111,4040.0,4048.949951,3975.149902,4008.850098,4008.850098,1476875
1181,20221114,3999.0,4078.0,3990.0,4022.550049,4022.550049,1803092
1182,20221115,4025.050049,4065.0,4022.0,4057.800049,4057.800049,1065546
1183,20221116,4057.300049,4096.0,3863.550049,3956.600098,3956.600098,3059841
1184,20221117,3970.0,4033.0,3900.0,4018.149902,4018.149902,2266112
1185,20221118,4028.350098,4043.0,3984.0,4019.800049,4019.800049,1440776
1186,20221121,4019.949951,4019.949951,3921.949951,4001.850098,4001.850098,1492003
1187,20221122,4001.850098,4056.0,3988.0,4034.0,4034.0,1705043
1188,20221123,4050.0,4061.850098,3873.0,3903.300049,3903.300049,2861156
1189,20221124,3910.0,3935.0,3821.0,3921.100098,3921.100098,2797181
1190,20221125,3929.0,3949.899902,3845.300049,3901.100098,3901.100098,2506346
1191,20221128,3899.399902,3925.0,3871.399902,3886.149902,3886.149902,1119166
1192,20221129,3885.0,3915.0,3864.050049,3878.399902,3878.399902,1513444
1193,20221130,3897.800049,3939.899902,3867.0,3917.899902,3917.899902,1968428
1194,20221201,3937.5,3944.949951,3902.449951,3915.100098,3915.100098,945838
1195,20221202,3905.0,3963.800049,3885.0,3922.5,3922.5,1297832
1196,20221205,3928.899902,3939.0,3810.050049,3930.399902,3930.399902,2392866
1197,20221206,3920.0,4057.0,3909.0,4031.800049,4031.800049,2962621
1198,20221207,4031.0,4057.899902,3984.550049,3999.300049,3999.300049,1257261
1199,20221208,4010.0,4045.0,4003.350098,4025.0,4025.0,895075
1200,20221209,4044.0,4094.0,3941.5,3996.800049,3996.800049,2129800
1201,20221212,3997.0,4031.899902,3968.75,4016.699951,4016.699951,802499
1202,20221213,4027.800049,4072.0,4011.600098,4060.199951,4060.199951,1215308
1203,20221214,4076.0,4092.050049,4040.0,4055.800049,4055.800049,1114492
1204,20221215,4055.800049,4073.050049,4025.0,4043.75,4043.75,866138
1205,20221216,4018.899902,4047.899902,3944.050049,3980.800049,3980.800049,1598960
1206,20221219,3988.0,4104.0,3971.449951,4075.300049,4075.300049,1643404
1207,20221220,4095.0,4172.0,4066.399902,4165.299805,4165.299805,3778426
1208,20221221,4175.0,4190.0,3883.25,3901.949951,3901.949951,3585883
1209,20221222,3948.0,3948.0,3817.050049,3868.550049,3868.550049,2879658
1210,20221223,3822.0,3848.0,3616.800049,3642.199951,3642.199951,3036157
1211,20221226,3653.0,3744.899902,3620.0,3716.75,3716.75,2162662
1212,20221227,3732.449951,3797.899902,3695.050049,3769.649902,3769.649902,1804911
1213,20221228,3756.050049,3825.0,3745.0,3797.699951,3797.699951,1377950
1214,20221229,3790.0,3825.0,3748.100098,3810.600098,3810.600098,1531692
1215,20221230,3829.699951,3898.0,3822.050049,3858.350098,3858.350098,1528747
1216,20230102,3870.0,3874.0,3822.550049,3841.199951,3841.199951,923051
1217,20230103,3841.899902,3852.850098,3791.0,3830.949951,3830.949951,799905
1218,20230104,3839.0,3874.949951,3803.600098,3827.050049,3827.050049,1028377
1219,20230105,3827.050049,3842.399902,3756.899902,3829.800049,3829.800049,997006
1220,20230106,3829.0,3868.25,3797.050049,3824.25,3824.25,912159
1221,20230109,3843.0,3880.0,3811.25,3855.300049,3855.300049,753981
1222,20230110,3859.0,3862.050049,3555.0,3646.899902,3646.899902,3595798
1223,20230111,3660.0,3664.5,3560.100098,3635.800049,3635.800049,2226506
1224,20230112,3642.5,3679.0,3612.0,3647.199951,3647.199951,1199785
1225,20230113,3651.199951,3736.050049,3642.199951,3721.149902,3721.149902,1364712
1226,20230116,3720.0,3739.949951,3600.0,3619.800049,3619.800049,1863848
1227,20230117,3620.0,3649.600098,3560.199951,3639.350098,3639.350098,1668381
1228,20230118,3648.0,3648.0,3527.100098,3596.699951,3596.699951,3652240
1229,20230119,3470.0,3537.699951,3426.699951,3463.550049,3463.550049,3696319
1230,20230120,3450.0,3477.350098,3440.949951,3456.149902,3456.149902,1510258
1231,20230123,3443.050049,3460.0,3412.550049,3436.350098,3436.350098,974857
1232,20230124,3447.449951,3508.0,3430.0,3442.0,3442.0,1518123
1233,20230125,3422.0,3428.0,3315.0,3388.949951,3388.949951,3686439
1234,20230127,3335.0,3346.5,2712.0,2761.449951,2761.449951,14764368
